--
-- PostgreSQL database dump
--

\restrict D8bT78ZVQ1CG3QmOmLsmsJcXMD62yY0zQ0giLQx3dyvahlxEEUCggLw3Sn9WUkr

-- Dumped from database version 16.11
-- Dumped by pg_dump version 16.11

SET statement_timeout = 0;
SET lock_timeout = 0;
SET idle_in_transaction_session_timeout = 0;
SET client_encoding = 'UTF8';
SET standard_conforming_strings = on;
SELECT pg_catalog.set_config('search_path', '', false);
SET check_function_bodies = false;
SET xmloption = content;
SET client_min_messages = warning;
SET row_security = off;

--
-- Name: public; Type: SCHEMA; Schema: -; Owner: -
--

-- *not* creating schema, since initdb creates it


SET default_tablespace = '';

SET default_table_access_method = heap;

--
-- Name: auth_group; Type: TABLE; Schema: public; Owner: -
--

CREATE TABLE public.auth_group (
    id integer NOT NULL,
    name character varying(150) NOT NULL
);


--
-- Name: auth_group_id_seq; Type: SEQUENCE; Schema: public; Owner: -
--

ALTER TABLE public.auth_group ALTER COLUMN id ADD GENERATED BY DEFAULT AS IDENTITY (
    SEQUENCE NAME public.auth_group_id_seq
    START WITH 1
    INCREMENT BY 1
    NO MINVALUE
    NO MAXVALUE
    CACHE 1
);


--
-- Name: auth_group_permissions; Type: TABLE; Schema: public; Owner: -
--

CREATE TABLE public.auth_group_permissions (
    id bigint NOT NULL,
    group_id integer NOT NULL,
    permission_id integer NOT NULL
);


--
-- Name: auth_group_permissions_id_seq; Type: SEQUENCE; Schema: public; Owner: -
--

ALTER TABLE public.auth_group_permissions ALTER COLUMN id ADD GENERATED BY DEFAULT AS IDENTITY (
    SEQUENCE NAME public.auth_group_permissions_id_seq
    START WITH 1
    INCREMENT BY 1
    NO MINVALUE
    NO MAXVALUE
    CACHE 1
);


--
-- Name: auth_permission; Type: TABLE; Schema: public; Owner: -
--

CREATE TABLE public.auth_permission (
    id integer NOT NULL,
    name character varying(255) NOT NULL,
    content_type_id integer NOT NULL,
    codename character varying(100) NOT NULL
);


--
-- Name: auth_permission_id_seq; Type: SEQUENCE; Schema: public; Owner: -
--

ALTER TABLE public.auth_permission ALTER COLUMN id ADD GENERATED BY DEFAULT AS IDENTITY (
    SEQUENCE NAME public.auth_permission_id_seq
    START WITH 1
    INCREMENT BY 1
    NO MINVALUE
    NO MAXVALUE
    CACHE 1
);


--
-- Name: auth_user; Type: TABLE; Schema: public; Owner: -
--

CREATE TABLE public.auth_user (
    id integer NOT NULL,
    password character varying(128) NOT NULL,
    last_login timestamp with time zone,
    is_superuser boolean NOT NULL,
    username character varying(150) NOT NULL,
    first_name character varying(150) NOT NULL,
    last_name character varying(150) NOT NULL,
    email character varying(254) NOT NULL,
    is_staff boolean NOT NULL,
    is_active boolean NOT NULL,
    date_joined timestamp with time zone NOT NULL
);


--
-- Name: auth_user_groups; Type: TABLE; Schema: public; Owner: -
--

CREATE TABLE public.auth_user_groups (
    id bigint NOT NULL,
    user_id integer NOT NULL,
    group_id integer NOT NULL
);


--
-- Name: auth_user_groups_id_seq; Type: SEQUENCE; Schema: public; Owner: -
--

ALTER TABLE public.auth_user_groups ALTER COLUMN id ADD GENERATED BY DEFAULT AS IDENTITY (
    SEQUENCE NAME public.auth_user_groups_id_seq
    START WITH 1
    INCREMENT BY 1
    NO MINVALUE
    NO MAXVALUE
    CACHE 1
);


--
-- Name: auth_user_id_seq; Type: SEQUENCE; Schema: public; Owner: -
--

ALTER TABLE public.auth_user ALTER COLUMN id ADD GENERATED BY DEFAULT AS IDENTITY (
    SEQUENCE NAME public.auth_user_id_seq
    START WITH 1
    INCREMENT BY 1
    NO MINVALUE
    NO MAXVALUE
    CACHE 1
);


--
-- Name: auth_user_user_permissions; Type: TABLE; Schema: public; Owner: -
--

CREATE TABLE public.auth_user_user_permissions (
    id bigint NOT NULL,
    user_id integer NOT NULL,
    permission_id integer NOT NULL
);


--
-- Name: auth_user_user_permissions_id_seq; Type: SEQUENCE; Schema: public; Owner: -
--

ALTER TABLE public.auth_user_user_permissions ALTER COLUMN id ADD GENERATED BY DEFAULT AS IDENTITY (
    SEQUENCE NAME public.auth_user_user_permissions_id_seq
    START WITH 1
    INCREMENT BY 1
    NO MINVALUE
    NO MAXVALUE
    CACHE 1
);


--
-- Name: django_admin_log; Type: TABLE; Schema: public; Owner: -
--

CREATE TABLE public.django_admin_log (
    id integer NOT NULL,
    action_time timestamp with time zone NOT NULL,
    object_id text,
    object_repr character varying(200) NOT NULL,
    action_flag smallint NOT NULL,
    change_message text NOT NULL,
    content_type_id integer,
    user_id integer NOT NULL,
    CONSTRAINT django_admin_log_action_flag_check CHECK ((action_flag >= 0))
);


--
-- Name: django_admin_log_id_seq; Type: SEQUENCE; Schema: public; Owner: -
--

ALTER TABLE public.django_admin_log ALTER COLUMN id ADD GENERATED BY DEFAULT AS IDENTITY (
    SEQUENCE NAME public.django_admin_log_id_seq
    START WITH 1
    INCREMENT BY 1
    NO MINVALUE
    NO MAXVALUE
    CACHE 1
);


--
-- Name: django_content_type; Type: TABLE; Schema: public; Owner: -
--

CREATE TABLE public.django_content_type (
    id integer NOT NULL,
    app_label character varying(100) NOT NULL,
    model character varying(100) NOT NULL
);


--
-- Name: django_content_type_id_seq; Type: SEQUENCE; Schema: public; Owner: -
--

ALTER TABLE public.django_content_type ALTER COLUMN id ADD GENERATED BY DEFAULT AS IDENTITY (
    SEQUENCE NAME public.django_content_type_id_seq
    START WITH 1
    INCREMENT BY 1
    NO MINVALUE
    NO MAXVALUE
    CACHE 1
);


--
-- Name: django_migrations; Type: TABLE; Schema: public; Owner: -
--

CREATE TABLE public.django_migrations (
    id bigint NOT NULL,
    app character varying(255) NOT NULL,
    name character varying(255) NOT NULL,
    applied timestamp with time zone NOT NULL
);


--
-- Name: django_migrations_id_seq; Type: SEQUENCE; Schema: public; Owner: -
--

ALTER TABLE public.django_migrations ALTER COLUMN id ADD GENERATED BY DEFAULT AS IDENTITY (
    SEQUENCE NAME public.django_migrations_id_seq
    START WITH 1
    INCREMENT BY 1
    NO MINVALUE
    NO MAXVALUE
    CACHE 1
);


--
-- Name: django_session; Type: TABLE; Schema: public; Owner: -
--

CREATE TABLE public.django_session (
    session_key character varying(40) NOT NULL,
    session_data text NOT NULL,
    expire_date timestamp with time zone NOT NULL
);


--
-- Name: main_jobdetail; Type: TABLE; Schema: public; Owner: -
--

CREATE TABLE public.main_jobdetail (
    job_id integer NOT NULL,
    job_name character varying(255) NOT NULL,
    pic_job character varying(255),
    created_at timestamp with time zone NOT NULL,
    updated_at timestamp with time zone NOT NULL
);


--
-- Name: main_jobdetail_developers; Type: TABLE; Schema: public; Owner: -
--

CREATE TABLE public.main_jobdetail_developers (
    id integer NOT NULL,
    jobdetail_id integer NOT NULL,
    jobdeveloper_id integer NOT NULL
);


--
-- Name: main_jobdetail_developers_id_seq; Type: SEQUENCE; Schema: public; Owner: -
--

CREATE SEQUENCE public.main_jobdetail_developers_id_seq
    AS integer
    START WITH 1
    INCREMENT BY 1
    NO MINVALUE
    NO MAXVALUE
    CACHE 1;


--
-- Name: main_jobdetail_developers_id_seq; Type: SEQUENCE OWNED BY; Schema: public; Owner: -
--

ALTER SEQUENCE public.main_jobdetail_developers_id_seq OWNED BY public.main_jobdetail_developers.id;


--
-- Name: main_jobdetail_job_id_seq; Type: SEQUENCE; Schema: public; Owner: -
--

ALTER TABLE public.main_jobdetail ALTER COLUMN job_id ADD GENERATED BY DEFAULT AS IDENTITY (
    SEQUENCE NAME public.main_jobdetail_job_id_seq
    START WITH 1
    INCREMENT BY 1
    NO MINVALUE
    NO MAXVALUE
    CACHE 1
);


--
-- Name: main_jobdeveloper; Type: TABLE; Schema: public; Owner: -
--

CREATE TABLE public.main_jobdeveloper (
    developer_id integer NOT NULL,
    developer_name character varying(255) NOT NULL,
    department character varying(255),
    team character varying(255)
);


--
-- Name: main_jobdeveloper_developer_id_seq; Type: SEQUENCE; Schema: public; Owner: -
--

ALTER TABLE public.main_jobdeveloper ALTER COLUMN developer_id ADD GENERATED BY DEFAULT AS IDENTITY (
    SEQUENCE NAME public.main_jobdeveloper_developer_id_seq
    START WITH 1
    INCREMENT BY 1
    NO MINVALUE
    NO MAXVALUE
    CACHE 1
);


--
-- Name: main_relationship; Type: TABLE; Schema: public; Owner: -
--

CREATE TABLE public.main_relationship (
    relationship_id integer NOT NULL,
    job_name character varying(255) NOT NULL,
    table1_id integer NOT NULL,
    table2_id integer NOT NULL,
    job_id integer
);


--
-- Name: main_relationship_relationship_id_seq; Type: SEQUENCE; Schema: public; Owner: -
--

ALTER TABLE public.main_relationship ALTER COLUMN relationship_id ADD GENERATED BY DEFAULT AS IDENTITY (
    SEQUENCE NAME public.main_relationship_relationship_id_seq
    START WITH 1
    INCREMENT BY 1
    NO MINVALUE
    NO MAXVALUE
    CACHE 1
);


--
-- Name: main_schemacategorymapping; Type: TABLE; Schema: public; Owner: -
--

CREATE TABLE public.main_schemacategorymapping (
    mapping_id integer NOT NULL,
    schema_name character varying(100) NOT NULL,
    category character varying(100) NOT NULL
);


--
-- Name: main_schemacategorymapping_mapping_id_seq; Type: SEQUENCE; Schema: public; Owner: -
--

ALTER TABLE public.main_schemacategorymapping ALTER COLUMN mapping_id ADD GENERATED BY DEFAULT AS IDENTITY (
    SEQUENCE NAME public.main_schemacategorymapping_mapping_id_seq
    START WITH 1
    INCREMENT BY 1
    NO MINVALUE
    NO MAXVALUE
    CACHE 1
);


--
-- Name: main_table; Type: TABLE; Schema: public; Owner: -
--

CREATE TABLE public.main_table (
    table_id integer NOT NULL,
    table_name character varying(255) NOT NULL,
    table_category character varying(100),
    table_desc text
);


--
-- Name: main_table_table_id_seq; Type: SEQUENCE; Schema: public; Owner: -
--

ALTER TABLE public.main_table ALTER COLUMN table_id ADD GENERATED BY DEFAULT AS IDENTITY (
    SEQUENCE NAME public.main_table_table_id_seq
    START WITH 1
    INCREMENT BY 1
    NO MINVALUE
    NO MAXVALUE
    CACHE 1
);


--
-- Name: main_tabledetail; Type: TABLE; Schema: public; Owner: -
--

CREATE TABLE public.main_tabledetail (
    details_id integer NOT NULL,
    column_name character varying(255) NOT NULL,
    column_desc character varying(255),
    data_type character varying(50),
    table_id integer NOT NULL
);


--
-- Name: main_tabledetail_details_id_seq; Type: SEQUENCE; Schema: public; Owner: -
--

ALTER TABLE public.main_tabledetail ALTER COLUMN details_id ADD GENERATED BY DEFAULT AS IDENTITY (
    SEQUENCE NAME public.main_tabledetail_details_id_seq
    START WITH 1
    INCREMENT BY 1
    NO MINVALUE
    NO MAXVALUE
    CACHE 1
);


--
-- Name: main_jobdetail_developers id; Type: DEFAULT; Schema: public; Owner: -
--

ALTER TABLE ONLY public.main_jobdetail_developers ALTER COLUMN id SET DEFAULT nextval('public.main_jobdetail_developers_id_seq'::regclass);


--
-- Data for Name: auth_group; Type: TABLE DATA; Schema: public; Owner: -
--

COPY public.auth_group (id, name) FROM stdin;
\.


--
-- Data for Name: auth_group_permissions; Type: TABLE DATA; Schema: public; Owner: -
--

COPY public.auth_group_permissions (id, group_id, permission_id) FROM stdin;
\.


--
-- Data for Name: auth_permission; Type: TABLE DATA; Schema: public; Owner: -
--

COPY public.auth_permission (id, name, content_type_id, codename) FROM stdin;
1	Can add log entry	1	add_logentry
2	Can change log entry	1	change_logentry
3	Can delete log entry	1	delete_logentry
4	Can view log entry	1	view_logentry
5	Can add permission	2	add_permission
6	Can change permission	2	change_permission
7	Can delete permission	2	delete_permission
8	Can view permission	2	view_permission
9	Can add group	3	add_group
10	Can change group	3	change_group
11	Can delete group	3	delete_group
12	Can view group	3	view_group
13	Can add user	4	add_user
14	Can change user	4	change_user
15	Can delete user	4	delete_user
16	Can view user	4	view_user
17	Can add content type	5	add_contenttype
18	Can change content type	5	change_contenttype
19	Can delete content type	5	delete_contenttype
20	Can view content type	5	view_contenttype
21	Can add session	6	add_session
22	Can change session	6	change_session
23	Can delete session	6	delete_session
24	Can view session	6	view_session
25	Can add table	7	add_table
26	Can change table	7	change_table
27	Can delete table	7	delete_table
28	Can view table	7	view_table
29	Can add parent child relationship	8	add_parentchildrelationship
30	Can change parent child relationship	8	change_parentchildrelationship
31	Can delete parent child relationship	8	delete_parentchildrelationship
32	Can view parent child relationship	8	view_parentchildrelationship
33	Can add column used in relationship	9	add_columnusedinrelationship
34	Can change column used in relationship	9	change_columnusedinrelationship
35	Can delete column used in relationship	9	delete_columnusedinrelationship
36	Can view column used in relationship	9	view_columnusedinrelationship
37	Can add relationship	10	add_relationship
38	Can change relationship	10	change_relationship
39	Can delete relationship	10	delete_relationship
40	Can view relationship	10	view_relationship
41	Can add Table Detail	11	add_tabledetail
42	Can change Table Detail	11	change_tabledetail
43	Can delete Table Detail	11	delete_tabledetail
44	Can view Table Detail	11	view_tabledetail
45	Can add job detail	12	add_jobdetail
46	Can change job detail	12	change_jobdetail
47	Can delete job detail	12	delete_jobdetail
48	Can view job detail	12	view_jobdetail
49	Can add Schema Mapping	13	add_schemacategorymapping
50	Can change Schema Mapping	13	change_schemacategorymapping
51	Can delete Schema Mapping	13	delete_schemacategorymapping
52	Can view Schema Mapping	13	view_schemacategorymapping
53	Can add job upload logs	14	add_jobuploadlogs
54	Can change job upload logs	14	change_jobuploadlogs
55	Can delete job upload logs	14	delete_jobuploadlogs
56	Can view job upload logs	14	view_jobuploadlogs
57	Can add job upload sessions	15	add_jobuploadsessions
58	Can change job upload sessions	15	change_jobuploadsessions
59	Can delete job upload sessions	15	delete_jobuploadsessions
60	Can view job upload sessions	15	view_jobuploadsessions
61	Can add staging detected tables	16	add_stagingdetectedtables
62	Can change staging detected tables	16	change_stagingdetectedtables
63	Can delete staging detected tables	16	delete_stagingdetectedtables
64	Can view staging detected tables	16	view_stagingdetectedtables
65	Can add Job Developer	17	add_jobdeveloper
66	Can change Job Developer	17	change_jobdeveloper
67	Can delete Job Developer	17	delete_jobdeveloper
68	Can view Job Developer	17	view_jobdeveloper
\.


--
-- Data for Name: auth_user; Type: TABLE DATA; Schema: public; Owner: -
--

COPY public.auth_user (id, password, last_login, is_superuser, username, first_name, last_name, email, is_staff, is_active, date_joined) FROM stdin;
1	pbkdf2_sha256$1000000$BHGIqCe1pVWRjqmkkM23OI$2F7FFI8fBVusWSyaGW27J4roUKc0tD/jocbSRXWh/aw=	2026-01-12 17:11:33.07147+07	t	admin			admin@mail.com	t	t	2025-08-15 10:04:39.439966+07
\.


--
-- Data for Name: auth_user_groups; Type: TABLE DATA; Schema: public; Owner: -
--

COPY public.auth_user_groups (id, user_id, group_id) FROM stdin;
\.


--
-- Data for Name: auth_user_user_permissions; Type: TABLE DATA; Schema: public; Owner: -
--

COPY public.auth_user_user_permissions (id, user_id, permission_id) FROM stdin;
\.


--
-- Data for Name: django_admin_log; Type: TABLE DATA; Schema: public; Owner: -
--

COPY public.django_admin_log (id, action_time, object_id, object_repr, action_flag, change_message, content_type_id, user_id) FROM stdin;
\.


--
-- Data for Name: django_content_type; Type: TABLE DATA; Schema: public; Owner: -
--

COPY public.django_content_type (id, app_label, model) FROM stdin;
1	admin	logentry
2	auth	permission
3	auth	group
4	auth	user
5	contenttypes	contenttype
6	sessions	session
7	main	table
8	main	parentchildrelationship
9	main	columnusedinrelationship
10	main	relationship
11	main	tabledetail
12	main	jobdetail
13	main	schemacategorymapping
14	main	jobuploadlogs
15	main	jobuploadsessions
16	main	stagingdetectedtables
17	main	jobdeveloper
\.


--
-- Data for Name: django_migrations; Type: TABLE DATA; Schema: public; Owner: -
--

COPY public.django_migrations (id, app, name, applied) FROM stdin;
1	contenttypes	0001_initial	2025-07-02 13:26:41.546222+07
2	auth	0001_initial	2025-07-02 13:26:41.647049+07
3	admin	0001_initial	2025-07-02 13:26:41.665207+07
4	admin	0002_logentry_remove_auto_add	2025-07-02 13:26:41.690354+07
5	admin	0003_logentry_add_action_flag_choices	2025-07-02 13:26:41.697679+07
6	contenttypes	0002_remove_content_type_name	2025-07-02 13:26:41.717243+07
7	auth	0002_alter_permission_name_max_length	2025-07-02 13:26:41.725242+07
8	auth	0003_alter_user_email_max_length	2025-07-02 13:26:41.734601+07
9	auth	0004_alter_user_username_opts	2025-07-02 13:26:41.74613+07
10	auth	0005_alter_user_last_login_null	2025-07-02 13:26:41.755382+07
11	auth	0006_require_contenttypes_0002	2025-07-02 13:26:41.757366+07
12	auth	0007_alter_validators_add_error_messages	2025-07-02 13:26:41.764406+07
13	auth	0008_alter_user_username_max_length	2025-07-02 13:26:41.78434+07
14	auth	0009_alter_user_last_name_max_length	2025-07-02 13:26:41.79813+07
15	auth	0010_alter_group_name_max_length	2025-07-02 13:26:41.808848+07
16	auth	0011_update_proxy_permissions	2025-07-02 13:26:41.817369+07
17	auth	0012_alter_user_first_name_max_length	2025-07-02 13:26:41.824396+07
18	main	0001_initial	2025-07-02 13:26:41.867435+07
19	sessions	0001_initial	2025-07-02 13:26:41.877683+07
20	main	0002_remove_parentchildrelationship_child_table_and_more	2025-07-03 15:02:29.721873+07
21	main	0003_relationship	2025-07-04 10:46:55.585097+07
22	main	0004_tabledetail	2025-12-23 14:15:03.601182+07
23	main	0005_table_table_category_table_table_desc	2025-12-23 15:36:20.986866+07
24	main	0006_alter_tabledetail_data_type	2025-12-23 16:35:16.654442+07
25	main	0007_jobdetail_alter_relationship_unique_together_and_more	2025-12-24 10:42:15.568783+07
26	main	0008_schemacategorymapping	2026-01-05 16:26:21.281118+07
27	main	0009_jobuploadlogs_jobuploadsessions_and_more	2026-02-08 18:15:07.93721+07
28	main	0010_rename_pic_job_jobdetail_developer	2026-02-08 18:15:07.960215+07
33	main	0011_remove_jobdetail_developer_jobdetail_developers_and_more	2026-02-10 15:10:49.694382+07
\.


--
-- Data for Name: django_session; Type: TABLE DATA; Schema: public; Owner: -
--

COPY public.django_session (session_key, session_data, expire_date) FROM stdin;
1v3x8w62hjak46ffbr7q6z1svnmgnoa7	.eJxVjEEOwiAQRe_C2hA6UGZw6d4zNANDpWpoUtqV8e7apAvd_vfef6mBt7UMW8vLMIk6q06dfrfI6ZHrDuTO9TbrNNd1maLeFX3Qpq-z5OflcP8OCrfyrYMYdiY48KEfIwBGZLAdC7AFj86wxZy8F-qRiCBZ8mEkK8iuIzTq_QG6yzaS:1umkle:vjdfvyEiGWr6Wy_gFvHmjJuaQtykJ2mMBIguCNm846E	2025-08-29 10:06:10.112516+07
6c4sq5an8vbqkl1zi83vpog5nctkoqxq	.eJxVjEEOwiAQRe_C2pAZmVJw6d4zkIGhUjU0Ke3KeHfbpAvd_vfef6vA61LC2vIcRlEXher0u0VOz1x3IA-u90mnqS7zGPWu6IM2fZskv66H-3dQuJWtduj8EIF7Zkvke2eFYCB0gF1CICE0DsCLB2MinXOKNm2WsZit65L6fAGzaDaD:1vfEtZ:88z-8MGE1frx_rEW1r2TKKM0b33bTXzy7-uOjyQBtGY	2026-01-26 17:11:33.074472+07
\.


--
-- Data for Name: main_jobdetail; Type: TABLE DATA; Schema: public; Owner: -
--

COPY public.main_jobdetail (job_id, job_name, pic_job, created_at, updated_at) FROM stdin;
22	CDP_DMT_WHL_EALCO_DLY_H0_TEST_SENIIN	[8]	2026-03-02 09:27:46.781868+07	2026-03-02 09:27:46.781868+07
23	RDBMS_CDP_NEW_RMTOOLS_DLY_H1	[10]	2026-05-11 13:42:38.352698+07	2026-05-11 13:42:38.352698+07
24	DMT_WHL_DM_WALLET_SHARE_NEWRMT_DLY_H1	[10]	2026-05-11 14:21:35.868699+07	2026-05-11 14:21:35.868699+07
25	RDBMS_CDP_NEW_RMTOOLS_06PEER_ANALISIS_NEWRMT_DLY_H1	[10]	2026-06-15 15:50:47.39365+07	2026-06-15 15:50:47.39365+07
18	CDP_DMT_WHL_ANOMALI_AGUNAN_DLY_H1	\N	2026-02-27 16:04:44.765084+07	2026-06-18 11:15:06.260943+07
1	CDP_DMT_WHL_TRADE_VOL_BDP_V2_DLY_H1	\N	2025-12-24 10:43:26.240319+07	2025-12-24 10:43:26.240319+07
2	CDP_DMT_WHL_MBC_TRX_CHANNEL_DLY_H1	\N	2025-12-24 10:43:26.251318+07	2025-12-24 10:43:26.251318+07
3	CDP_DMT_WHL_DPKNEW_DLY_H1	\N	2025-12-24 10:43:26.257319+07	2025-12-24 10:43:26.257319+07
5	CDP_DMT_WHL_MCM_KLN_TRX_DLY_H1	\N	2025-12-24 10:43:26.268322+07	2025-12-24 10:43:26.268322+07
6	SPARK_DMT_WHL_DM_COFYOL_DAILY_DLY_H1	\N	2025-12-24 10:43:26.302324+07	2025-12-30 15:46:51.007148+07
9	CDP_DMT_WHL_MCM_KLN_TRX_DLY_H1_TEST_1	[8]	2026-02-22 20:38:15.995591+07	2026-02-22 20:38:15.995591+07
10	CDP_DMT_WHL_EALCO_DLY_H0	[1, 9]	2026-02-23 15:40:00.106083+07	2026-02-23 15:40:00.106083+07
11	CDP_DMT_WHL_EALCO_DLY_H0_TEST1	[1, 8, 9]	2026-02-23 15:56:56.310277+07	2026-02-23 15:56:56.310277+07
14	DPK_H0_KLN	[3]	2026-02-24 16:12:17.448882+07	2026-02-24 16:12:17.448882+07
15	DMT_RTL_KRD_H0	[3]	2026-02-24 16:23:40.328128+07	2026-02-24 16:23:40.328128+07
17	DMT_WHL_DDMAST_ORA_DLY_H1	[3]	2026-02-26 17:09:53.790744+07	2026-02-26 17:09:53.790744+07
16	CDP_DMT_WHL_DPK_DLY_H1_2025	[3]	2026-02-26 17:04:56.731973+07	2026-02-27 16:21:20.633766+07
13	DPK_H0_dom_dili	[3]	2026-02-24 15:26:49.537835+07	2026-02-27 16:21:54.417989+07
19	CDP_DMT_WHL_KOPRA_SUBSIDI_PRE_REQUISITE_DLY_H1	[7]	2026-03-01 19:47:07.581721+07	2026-03-01 19:47:07.581721+07
20	CDP_DMT_WHL_EALCO_DLY_H0_TEST_WORKFLOW_BARU	[7]	2026-03-01 19:51:44.751359+07	2026-03-01 19:51:44.751359+07
21	CDP_DMT_WHL_EALCO	[8]	2026-03-01 20:01:01.471309+07	2026-03-01 20:01:01.471309+07
\.


--
-- Data for Name: main_jobdetail_developers; Type: TABLE DATA; Schema: public; Owner: -
--

COPY public.main_jobdetail_developers (id, jobdetail_id, jobdeveloper_id) FROM stdin;
1	1	1
2	2	1
3	3	1
6	6	1
11	9	8
12	10	1
13	10	9
14	11	8
15	11	1
16	11	9
20	13	3
22	14	3
23	15	3
24	5	7
26	16	3
27	17	3
32	18	1
33	19	7
34	20	7
35	21	8
36	22	8
38	23	10
39	24	10
47	25	10
\.


--
-- Data for Name: main_jobdeveloper; Type: TABLE DATA; Schema: public; Owner: -
--

COPY public.main_jobdeveloper (developer_id, developer_name, department, team) FROM stdin;
3	TESTING DEVELOPER	DATA MANAGEMENT	Daeng Wholesale
1	GLORIA NATASYA	DATA MANAGEMENT	Daeng Wholesale
7	TESTING 2	DATA GOVERNANCE	test no job
8	TESTING 4	RETAIL BANKING ANALYTICS	test no job
9	TESTING JOB DEVELOPER	DATA MANAGEMENT	DAENG WHOLESALE
10	DAVIT SILABAN	DATA MANAGEMENT	Daeng Wholesale
\.


--
-- Data for Name: main_relationship; Type: TABLE DATA; Schema: public; Owner: -
--

COPY public.main_relationship (relationship_id, job_name, table1_id, table2_id, job_id) FROM stdin;
4638	DPK_H0_KLN	291	290	14
4639	DPK_H0_KLN	292	290	14
4640	DPK_H0_KLN	293	290	14
4075	CDP_DMT_WHL_MCM_KLN_TRX_DLY_H1_TEST_1	11	6	9
4076	CDP_DMT_WHL_MCM_KLN_TRX_DLY_H1_TEST_1	11	8	9
4077	CDP_DMT_WHL_MCM_KLN_TRX_DLY_H1_TEST_1	11	10	9
4078	CDP_DMT_WHL_MCM_KLN_TRX_DLY_H1_TEST_1	4	4	9
4079	CDP_DMT_WHL_MCM_KLN_TRX_DLY_H1_TEST_1	4	6	9
4080	CDP_DMT_WHL_MCM_KLN_TRX_DLY_H1_TEST_1	4	8	9
4081	CDP_DMT_WHL_MCM_KLN_TRX_DLY_H1_TEST_1	4	10	9
4082	CDP_DMT_WHL_MCM_KLN_TRX_DLY_H1_TEST_1	5	4	9
4083	CDP_DMT_WHL_MCM_KLN_TRX_DLY_H1_TEST_1	5	6	9
4084	CDP_DMT_WHL_MCM_KLN_TRX_DLY_H1_TEST_1	5	8	9
4085	CDP_DMT_WHL_MCM_KLN_TRX_DLY_H1_TEST_1	5	10	9
4086	CDP_DMT_WHL_MCM_KLN_TRX_DLY_H1_TEST_1	25	4	9
4087	CDP_DMT_WHL_MCM_KLN_TRX_DLY_H1_TEST_1	25	6	9
4088	CDP_DMT_WHL_MCM_KLN_TRX_DLY_H1_TEST_1	25	8	9
4089	CDP_DMT_WHL_MCM_KLN_TRX_DLY_H1_TEST_1	25	10	9
4090	CDP_DMT_WHL_MCM_KLN_TRX_DLY_H1_TEST_1	93	4	9
4091	CDP_DMT_WHL_MCM_KLN_TRX_DLY_H1_TEST_1	93	6	9
4092	CDP_DMT_WHL_MCM_KLN_TRX_DLY_H1_TEST_1	93	8	9
4093	CDP_DMT_WHL_MCM_KLN_TRX_DLY_H1_TEST_1	93	10	9
4094	CDP_DMT_WHL_MCM_KLN_TRX_DLY_H1_TEST_1	24	4	9
4095	CDP_DMT_WHL_MCM_KLN_TRX_DLY_H1_TEST_1	24	6	9
4096	CDP_DMT_WHL_MCM_KLN_TRX_DLY_H1_TEST_1	24	8	9
4097	CDP_DMT_WHL_MCM_KLN_TRX_DLY_H1_TEST_1	24	10	9
4098	CDP_DMT_WHL_MCM_KLN_TRX_DLY_H1_TEST_1	94	4	9
4099	CDP_DMT_WHL_MCM_KLN_TRX_DLY_H1_TEST_1	94	6	9
4100	CDP_DMT_WHL_MCM_KLN_TRX_DLY_H1_TEST_1	94	8	9
4101	CDP_DMT_WHL_MCM_KLN_TRX_DLY_H1_TEST_1	94	10	9
4102	CDP_DMT_WHL_MCM_KLN_TRX_DLY_H1_TEST_1	89	4	9
4103	CDP_DMT_WHL_MCM_KLN_TRX_DLY_H1_TEST_1	89	6	9
4104	CDP_DMT_WHL_MCM_KLN_TRX_DLY_H1_TEST_1	89	8	9
4105	CDP_DMT_WHL_MCM_KLN_TRX_DLY_H1_TEST_1	89	10	9
4106	CDP_DMT_WHL_MCM_KLN_TRX_DLY_H1_TEST_1	17	4	9
4107	CDP_DMT_WHL_MCM_KLN_TRX_DLY_H1_TEST_1	17	6	9
4108	CDP_DMT_WHL_MCM_KLN_TRX_DLY_H1_TEST_1	17	8	9
4109	CDP_DMT_WHL_MCM_KLN_TRX_DLY_H1_TEST_1	17	10	9
4110	CDP_DMT_WHL_MCM_KLN_TRX_DLY_H1_TEST_1	86	4	9
4111	CDP_DMT_WHL_MCM_KLN_TRX_DLY_H1_TEST_1	86	6	9
4112	CDP_DMT_WHL_MCM_KLN_TRX_DLY_H1_TEST_1	86	8	9
4113	CDP_DMT_WHL_MCM_KLN_TRX_DLY_H1_TEST_1	86	10	9
4114	CDP_DMT_WHL_MCM_KLN_TRX_DLY_H1_TEST_1	87	4	9
4115	CDP_DMT_WHL_MCM_KLN_TRX_DLY_H1_TEST_1	87	6	9
4116	CDP_DMT_WHL_MCM_KLN_TRX_DLY_H1_TEST_1	87	8	9
4117	CDP_DMT_WHL_MCM_KLN_TRX_DLY_H1_TEST_1	87	10	9
4118	CDP_DMT_WHL_MCM_KLN_TRX_DLY_H1_TEST_1	82	4	9
4119	CDP_DMT_WHL_MCM_KLN_TRX_DLY_H1_TEST_1	82	6	9
4120	CDP_DMT_WHL_MCM_KLN_TRX_DLY_H1_TEST_1	82	8	9
4121	CDP_DMT_WHL_MCM_KLN_TRX_DLY_H1_TEST_1	82	10	9
4122	CDP_DMT_WHL_MCM_KLN_TRX_DLY_H1_TEST_1	100	4	9
4641	DPK_H0_KLN	294	290	14
4642	DPK_H0_KLN	295	290	14
4643	DPK_H0_KLN	296	290	14
4644	DPK_H0_KLN	297	290	14
4645	DPK_H0_KLN	298	290	14
4646	DPK_H0_KLN	299	290	14
4647	DPK_H0_KLN	300	290	14
4648	DPK_H0_KLN	301	290	14
4649	DPK_H0_KLN	302	290	14
4650	DPK_H0_KLN	303	290	14
4651	DPK_H0_KLN	304	290	14
4652	DPK_H0_KLN	305	290	14
4653	DPK_H0_KLN	306	290	14
4654	DPK_H0_KLN	307	290	14
4655	DPK_H0_KLN	308	290	14
4656	DPK_H0_KLN	309	290	14
4657	DPK_H0_KLN	310	290	14
4658	DPK_H0_KLN	311	290	14
4659	DPK_H0_KLN	312	290	14
4660	DPK_H0_KLN	313	290	14
4661	DPK_H0_KLN	314	290	14
4662	DPK_H0_KLN	315	290	14
4663	DPK_H0_KLN	316	290	14
4664	DPK_H0_KLN	317	290	14
4665	DPK_H0_KLN	318	290	14
4666	DPK_H0_KLN	319	290	14
4667	DPK_H0_KLN	320	290	14
4668	DPK_H0_KLN	321	290	14
4669	DPK_H0_KLN	322	290	14
4670	DPK_H0_KLN	323	290	14
4671	DPK_H0_KLN	324	290	14
4672	DPK_H0_KLN	325	290	14
4673	DPK_H0_KLN	326	290	14
3505	CDP_DMT_WHL_MBC_TRX_CHANNEL_DLY_H1	16	3	2
3506	CDP_DMT_WHL_MBC_TRX_CHANNEL_DLY_H1	22	3	2
3504	CDP_DMT_WHL_DPKNEW_DLY_H1	15	2	3
3548	CDP_DMT_WHL_DPKNEW_DLY_H1	30	2	3
3549	CDP_DMT_WHL_DPKNEW_DLY_H1	31	2	3
3550	CDP_DMT_WHL_DPKNEW_DLY_H1	32	2	3
3587	CDP_DMT_WHL_DPKNEW_DLY_H1	46	2	3
3588	CDP_DMT_WHL_DPKNEW_DLY_H1	47	2	3
3507	CDP_DMT_WHL_MCM_KLN_TRX_DLY_H1	17	4	5
3509	CDP_DMT_WHL_MCM_KLN_TRX_DLY_H1	24	4	5
3510	CDP_DMT_WHL_MCM_KLN_TRX_DLY_H1	25	4	5
3511	CDP_DMT_WHL_MCM_KLN_TRX_DLY_H1	17	5	5
3513	CDP_DMT_WHL_MCM_KLN_TRX_DLY_H1	24	5	5
3514	CDP_DMT_WHL_MCM_KLN_TRX_DLY_H1	25	5	5
3515	CDP_DMT_WHL_MCM_KLN_TRX_DLY_H1	17	6	5
3517	CDP_DMT_WHL_MCM_KLN_TRX_DLY_H1	24	6	5
3518	CDP_DMT_WHL_MCM_KLN_TRX_DLY_H1	25	6	5
3519	CDP_DMT_WHL_MCM_KLN_TRX_DLY_H1	17	7	5
3521	CDP_DMT_WHL_MCM_KLN_TRX_DLY_H1	24	7	5
3522	CDP_DMT_WHL_MCM_KLN_TRX_DLY_H1	25	7	5
3523	CDP_DMT_WHL_MCM_KLN_TRX_DLY_H1	17	8	5
3525	CDP_DMT_WHL_MCM_KLN_TRX_DLY_H1	24	8	5
3526	CDP_DMT_WHL_MCM_KLN_TRX_DLY_H1	25	8	5
4674	DPK_H0_KLN	327	290	14
4675	DPK_H0_KLN	328	290	14
4676	DPK_H0_KLN	329	290	14
4677	DPK_H0_KLN	330	290	14
4123	CDP_DMT_WHL_MCM_KLN_TRX_DLY_H1_TEST_1	100	6	9
4124	CDP_DMT_WHL_MCM_KLN_TRX_DLY_H1_TEST_1	100	8	9
4125	CDP_DMT_WHL_MCM_KLN_TRX_DLY_H1_TEST_1	100	10	9
4126	CDP_DMT_WHL_MCM_KLN_TRX_DLY_H1_TEST_1	101	4	9
4127	CDP_DMT_WHL_MCM_KLN_TRX_DLY_H1_TEST_1	101	6	9
4128	CDP_DMT_WHL_MCM_KLN_TRX_DLY_H1_TEST_1	101	8	9
4129	CDP_DMT_WHL_MCM_KLN_TRX_DLY_H1_TEST_1	101	10	9
4130	CDP_DMT_WHL_MCM_KLN_TRX_DLY_H1_TEST_1	96	4	9
4131	CDP_DMT_WHL_MCM_KLN_TRX_DLY_H1_TEST_1	96	6	9
4132	CDP_DMT_WHL_MCM_KLN_TRX_DLY_H1_TEST_1	96	8	9
4133	CDP_DMT_WHL_MCM_KLN_TRX_DLY_H1_TEST_1	96	10	9
4134	CDP_DMT_WHL_MCM_KLN_TRX_DLY_H1_TEST_1	107	4	9
4135	CDP_DMT_WHL_MCM_KLN_TRX_DLY_H1_TEST_1	107	6	9
4136	CDP_DMT_WHL_MCM_KLN_TRX_DLY_H1_TEST_1	107	8	9
4137	CDP_DMT_WHL_MCM_KLN_TRX_DLY_H1_TEST_1	107	10	9
4138	CDP_DMT_WHL_MCM_KLN_TRX_DLY_H1_TEST_1	108	4	9
4139	CDP_DMT_WHL_MCM_KLN_TRX_DLY_H1_TEST_1	108	6	9
4140	CDP_DMT_WHL_MCM_KLN_TRX_DLY_H1_TEST_1	108	8	9
4141	CDP_DMT_WHL_MCM_KLN_TRX_DLY_H1_TEST_1	108	10	9
4142	CDP_DMT_WHL_MCM_KLN_TRX_DLY_H1_TEST_1	103	4	9
4143	CDP_DMT_WHL_MCM_KLN_TRX_DLY_H1_TEST_1	103	6	9
4144	CDP_DMT_WHL_MCM_KLN_TRX_DLY_H1_TEST_1	103	8	9
4145	CDP_DMT_WHL_MCM_KLN_TRX_DLY_H1_TEST_1	103	10	9
4678	DPK_H0_KLN	331	290	14
4679	DPK_H0_KLN	332	290	14
4680	DPK_H0_KLN	333	290	14
4681	DPK_H0_KLN	334	290	14
4682	DPK_H0_KLN	34	290	14
4683	DPK_H0_KLN	335	290	14
4684	DPK_H0_KLN	336	290	14
4685	DPK_H0_KLN	337	290	14
4724	DMT_RTL_KRD_H0	371	242	15
4725	DMT_RTL_KRD_H0	372	242	15
4726	DMT_RTL_KRD_H0	373	242	15
4727	DMT_RTL_KRD_H0	374	242	15
4728	DMT_RTL_KRD_H0	375	242	15
4729	DMT_RTL_KRD_H0	376	242	15
4730	DMT_RTL_KRD_H0	377	242	15
4731	DMT_RTL_KRD_H0	378	242	15
4732	DMT_RTL_KRD_H0	379	242	15
4733	DMT_RTL_KRD_H0	380	242	15
4734	DMT_RTL_KRD_H0	381	242	15
4735	DMT_RTL_KRD_H0	382	242	15
4736	DMT_RTL_KRD_H0	383	242	15
4737	DMT_RTL_KRD_H0	384	242	15
4738	DMT_RTL_KRD_H0	385	242	15
4739	DMT_RTL_KRD_H0	386	242	15
4740	DMT_RTL_KRD_H0	387	242	15
4741	DMT_RTL_KRD_H0	388	242	15
4751	CDP_DMT_WHL_MCM_KLN_TRX_DLY_H1	6	4	5
4752	CDP_DMT_WHL_MCM_KLN_TRX_DLY_H1	6	6	5
4753	CDP_DMT_WHL_MCM_KLN_TRX_DLY_H1	6	8	5
4754	CDP_DMT_WHL_MCM_KLN_TRX_DLY_H1	6	10	5
4755	CDP_DMT_WHL_MCM_KLN_TRX_DLY_H1	7	4	5
4756	CDP_DMT_WHL_MCM_KLN_TRX_DLY_H1	7	6	5
4757	CDP_DMT_WHL_MCM_KLN_TRX_DLY_H1	7	8	5
4758	CDP_DMT_WHL_MCM_KLN_TRX_DLY_H1	7	10	5
4759	CDP_DMT_WHL_MCM_KLN_TRX_DLY_H1	8	4	5
4760	CDP_DMT_WHL_MCM_KLN_TRX_DLY_H1	8	6	5
4761	CDP_DMT_WHL_MCM_KLN_TRX_DLY_H1	8	8	5
4762	CDP_DMT_WHL_MCM_KLN_TRX_DLY_H1	8	10	5
4763	CDP_DMT_WHL_MCM_KLN_TRX_DLY_H1	9	4	5
4764	CDP_DMT_WHL_MCM_KLN_TRX_DLY_H1	9	6	5
4765	CDP_DMT_WHL_MCM_KLN_TRX_DLY_H1	9	8	5
4766	CDP_DMT_WHL_MCM_KLN_TRX_DLY_H1	9	10	5
4767	CDP_DMT_WHL_MCM_KLN_TRX_DLY_H1	10	4	5
4768	CDP_DMT_WHL_MCM_KLN_TRX_DLY_H1	10	6	5
4769	CDP_DMT_WHL_MCM_KLN_TRX_DLY_H1	10	8	5
4770	CDP_DMT_WHL_MCM_KLN_TRX_DLY_H1	10	10	5
4771	CDP_DMT_WHL_MCM_KLN_TRX_DLY_H1	11	4	5
4772	CDP_DMT_WHL_MCM_KLN_TRX_DLY_H1	11	6	5
4773	CDP_DMT_WHL_MCM_KLN_TRX_DLY_H1	11	8	5
4774	CDP_DMT_WHL_MCM_KLN_TRX_DLY_H1	11	10	5
4775	CDP_DMT_WHL_MCM_KLN_TRX_DLY_H1	4	4	5
4776	CDP_DMT_WHL_MCM_KLN_TRX_DLY_H1	4	6	5
4777	CDP_DMT_WHL_MCM_KLN_TRX_DLY_H1	4	8	5
4778	CDP_DMT_WHL_MCM_KLN_TRX_DLY_H1	4	10	5
4779	CDP_DMT_WHL_MCM_KLN_TRX_DLY_H1	5	4	5
4780	CDP_DMT_WHL_MCM_KLN_TRX_DLY_H1	5	6	5
4781	CDP_DMT_WHL_MCM_KLN_TRX_DLY_H1	5	8	5
4782	CDP_DMT_WHL_MCM_KLN_TRX_DLY_H1	5	10	5
4824	CDP_DMT_WHL_DPK_DLY_H1_2025_0.1	162	2	16
4825	CDP_DMT_WHL_DPK_DLY_H1_2025_0.1	31	2	16
4827	CDP_DMT_WHL_DPK_DLY_H1_2025_0.1	168	2	16
4828	CDP_DMT_WHL_DPK_DLY_H1_2025_0.1	139	2	16
4829	CDP_DMT_WHL_DPK_DLY_H1_2025_0.1	137	2	16
4830	CDP_DMT_WHL_DPK_DLY_H1_2025_0.1	146	2	16
4831	CDP_DMT_WHL_DPK_DLY_H1_2025_0.1	145	2	16
4832	CDP_DMT_WHL_DPK_DLY_H1_2025_0.1	169	2	16
4833	CDP_DMT_WHL_DPK_DLY_H1_2025_0.1	141	2	16
4834	CDP_DMT_WHL_DPK_DLY_H1_2025_0.1	397	2	16
3610	CDP_DMT_WHL_DPKNEW_DLY_H1	69	2	3
3611	CDP_DMT_WHL_DPKNEW_DLY_H1	34	2	3
3612	CDP_DMT_WHL_DPKNEW_DLY_H1	35	2	3
3613	CDP_DMT_WHL_DPKNEW_DLY_H1	70	2	3
3614	CDP_DMT_WHL_DPKNEW_DLY_H1	39	2	3
3626	CDP_DMT_WHL_MCM_KLN_TRX_DLY_H1	81	4	5
3627	CDP_DMT_WHL_MCM_KLN_TRX_DLY_H1	39	4	5
3628	CDP_DMT_WHL_MCM_KLN_TRX_DLY_H1	82	4	5
3629	CDP_DMT_WHL_MCM_KLN_TRX_DLY_H1	83	4	5
3630	CDP_DMT_WHL_MCM_KLN_TRX_DLY_H1	84	4	5
3631	CDP_DMT_WHL_MCM_KLN_TRX_DLY_H1	85	4	5
3632	CDP_DMT_WHL_MCM_KLN_TRX_DLY_H1	86	4	5
3633	CDP_DMT_WHL_MCM_KLN_TRX_DLY_H1	87	4	5
3634	CDP_DMT_WHL_MCM_KLN_TRX_DLY_H1	88	4	5
4687	DPK_H0_KLN	338	290	14
4688	DPK_H0_KLN	339	290	14
4742	DMT_RTL_KRD_H0	389	242	15
4743	DMT_RTL_KRD_H0	279	242	15
4744	DMT_RTL_KRD_H0	390	242	15
4745	DMT_RTL_KRD_H0	391	242	15
4746	DMT_RTL_KRD_H0	392	242	15
4747	DMT_RTL_KRD_H0	393	242	15
4748	DMT_RTL_KRD_H0	394	242	15
4749	DMT_RTL_KRD_H0	395	242	15
4750	DMT_RTL_KRD_H0	396	242	15
4835	CDP_DMT_WHL_DPK_DLY_H1_2025_0.1	142	2	16
4836	CDP_DMT_WHL_DPK_DLY_H1_2025_0.1	144	2	16
4837	CDP_DMT_WHL_DPK_DLY_H1_2025_0.1	143	2	16
4838	CDP_DMT_WHL_DPK_DLY_H1_2025_0.1	150	2	16
4839	CDP_DMT_WHL_DPK_DLY_H1_2025_0.1	153	2	16
4840	CDP_DMT_WHL_DPK_DLY_H1_2025_0.1	167	2	16
4841	CDP_DMT_WHL_DPK_DLY_H1_2025_0.1	165	2	16
4842	CDP_DMT_WHL_DPK_DLY_H1_2025_0.1	163	2	16
4230	CDP_DMT_WHL_EALCO_DLY_H0	221	246	10
4231	CDP_DMT_WHL_EALCO_DLY_H0	221	243	10
4232	CDP_DMT_WHL_EALCO_DLY_H0	222	218	10
4233	CDP_DMT_WHL_EALCO_DLY_H0	222	239	10
4234	CDP_DMT_WHL_EALCO_DLY_H0	222	246	10
4235	CDP_DMT_WHL_EALCO_DLY_H0	222	243	10
4236	CDP_DMT_WHL_EALCO_DLY_H0	223	218	10
4237	CDP_DMT_WHL_EALCO_DLY_H0	223	239	10
4238	CDP_DMT_WHL_EALCO_DLY_H0	223	246	10
4843	CDP_DMT_WHL_DPK_DLY_H1_2025_0.1	164	2	16
4844	CDP_DMT_WHL_DPK_DLY_H1_2025_0.1	166	2	16
4845	CDP_DMT_WHL_DPK_DLY_H1_2025_0.1	151	2	16
4846	CDP_DMT_WHL_DPK_DLY_H1_2025_0.1	152	2	16
4847	CDP_DMT_WHL_DPK_DLY_H1_2025_0.1	157	2	16
4848	CDP_DMT_WHL_DPK_DLY_H1_2025_0.1	138	2	16
4849	CDP_DMT_WHL_DPK_DLY_H1_2025_0.1	154	2	16
4850	CDP_DMT_WHL_DPK_DLY_H1_2025_0.1	156	2	16
4851	CDP_DMT_WHL_DPK_DLY_H1_2025_0.1	155	2	16
4852	CDP_DMT_WHL_DPK_DLY_H1_2025_0.1	159	2	16
4853	CDP_DMT_WHL_DPK_DLY_H1_2025_0.1	39	2	16
4854	CDP_DMT_WHL_DPK_DLY_H1_2025_0.1	158	2	16
4855	CDP_DMT_WHL_DPK_DLY_H1_2025_0.1	15	2	16
4856	CDP_DMT_WHL_DPK_DLY_H1_2025_0.1	34	2	16
4857	CDP_DMT_WHL_DPK_DLY_H1_2025_0.1	35	2	16
4858	CDP_DMT_WHL_DPK_DLY_H1_2025_0.1	160	2	16
4859	CDP_DMT_WHL_DPK_DLY_H1_2025_0.1	147	2	16
4860	CDP_DMT_WHL_DPK_DLY_H1_2025_0.1	70	2	16
4861	CDP_DMT_WHL_DPK_DLY_H1_2025_0.1	140	2	16
4862	CDP_DMT_WHL_DPK_DLY_H1_2025_0.1	148	2	16
4863	CDP_DMT_WHL_DPK_DLY_H1_2025_0.1	161	2	16
4864	CDP_DMT_WHL_DPK_DLY_H1_2025_0.1	16	2	16
4865	CDP_DMT_WHL_DPK_DLY_H1_2025_0.1	32	2	16
4866	CDP_DMT_WHL_DPK_DLY_H1_2025_0.1	59	2	16
4867	CDP_DMT_WHL_DPK_DLY_H1_2025_0.1	56	2	16
4868	CDP_DMT_WHL_DPK_DLY_H1_2025_0.1	57	2	16
4869	CDP_DMT_WHL_DPK_DLY_H1_2025_0.1	58	2	16
4870	CDP_DMT_WHL_DPK_DLY_H1_2025_0.1	62	2	16
4871	CDP_DMT_WHL_DPK_DLY_H1_2025_0.1	60	2	16
4872	CDP_DMT_WHL_DPK_DLY_H1_2025_0.1	53	2	16
4873	CDP_DMT_WHL_DPK_DLY_H1_2025_0.1	48	2	16
4874	CDP_DMT_WHL_DPK_DLY_H1_2025_0.1	50	2	16
4875	CDP_DMT_WHL_DPK_DLY_H1_2025_0.1	51	2	16
4876	CDP_DMT_WHL_DPK_DLY_H1_2025_0.1	49	2	16
4877	CDP_DMT_WHL_DPK_DLY_H1_2025_0.1	67	2	16
4878	CDP_DMT_WHL_DPK_DLY_H1_2025_0.1	52	2	16
4879	CDP_DMT_WHL_DPK_DLY_H1_2025_0.1	61	2	16
3970	CDP_DMT_WHL_MCM_KLN_TRX_DLY_H1_TEST_1	31	4	9
3971	CDP_DMT_WHL_MCM_KLN_TRX_DLY_H1_TEST_1	31	6	9
3972	CDP_DMT_WHL_MCM_KLN_TRX_DLY_H1_TEST_1	31	8	9
3973	CDP_DMT_WHL_MCM_KLN_TRX_DLY_H1_TEST_1	31	10	9
3974	CDP_DMT_WHL_MCM_KLN_TRX_DLY_H1_TEST_1	30	4	9
3975	CDP_DMT_WHL_MCM_KLN_TRX_DLY_H1_TEST_1	30	6	9
3976	CDP_DMT_WHL_MCM_KLN_TRX_DLY_H1_TEST_1	30	8	9
3977	CDP_DMT_WHL_MCM_KLN_TRX_DLY_H1_TEST_1	30	10	9
3978	CDP_DMT_WHL_MCM_KLN_TRX_DLY_H1_TEST_1	81	4	9
3979	CDP_DMT_WHL_MCM_KLN_TRX_DLY_H1_TEST_1	81	6	9
3980	CDP_DMT_WHL_MCM_KLN_TRX_DLY_H1_TEST_1	81	8	9
3981	CDP_DMT_WHL_MCM_KLN_TRX_DLY_H1_TEST_1	81	10	9
3982	CDP_DMT_WHL_MCM_KLN_TRX_DLY_H1_TEST_1	39	4	9
3983	CDP_DMT_WHL_MCM_KLN_TRX_DLY_H1_TEST_1	39	6	9
3984	CDP_DMT_WHL_MCM_KLN_TRX_DLY_H1_TEST_1	39	8	9
3985	CDP_DMT_WHL_MCM_KLN_TRX_DLY_H1_TEST_1	39	10	9
3986	CDP_DMT_WHL_MCM_KLN_TRX_DLY_H1_TEST_1	90	4	9
3987	CDP_DMT_WHL_MCM_KLN_TRX_DLY_H1_TEST_1	90	6	9
3988	CDP_DMT_WHL_MCM_KLN_TRX_DLY_H1_TEST_1	90	8	9
3989	CDP_DMT_WHL_MCM_KLN_TRX_DLY_H1_TEST_1	90	10	9
3990	CDP_DMT_WHL_MCM_KLN_TRX_DLY_H1_TEST_1	91	4	9
3991	CDP_DMT_WHL_MCM_KLN_TRX_DLY_H1_TEST_1	91	6	9
3992	CDP_DMT_WHL_MCM_KLN_TRX_DLY_H1_TEST_1	91	8	9
3993	CDP_DMT_WHL_MCM_KLN_TRX_DLY_H1_TEST_1	91	10	9
3994	CDP_DMT_WHL_MCM_KLN_TRX_DLY_H1_TEST_1	95	4	9
3995	CDP_DMT_WHL_MCM_KLN_TRX_DLY_H1_TEST_1	95	6	9
3996	CDP_DMT_WHL_MCM_KLN_TRX_DLY_H1_TEST_1	95	8	9
3997	CDP_DMT_WHL_MCM_KLN_TRX_DLY_H1_TEST_1	95	10	9
3998	CDP_DMT_WHL_MCM_KLN_TRX_DLY_H1_TEST_1	92	4	9
3999	CDP_DMT_WHL_MCM_KLN_TRX_DLY_H1_TEST_1	92	6	9
4000	CDP_DMT_WHL_MCM_KLN_TRX_DLY_H1_TEST_1	92	8	9
4001	CDP_DMT_WHL_MCM_KLN_TRX_DLY_H1_TEST_1	92	10	9
4002	CDP_DMT_WHL_MCM_KLN_TRX_DLY_H1_TEST_1	97	4	9
4003	CDP_DMT_WHL_MCM_KLN_TRX_DLY_H1_TEST_1	97	6	9
4004	CDP_DMT_WHL_MCM_KLN_TRX_DLY_H1_TEST_1	97	8	9
4005	CDP_DMT_WHL_MCM_KLN_TRX_DLY_H1_TEST_1	97	10	9
4006	CDP_DMT_WHL_MCM_KLN_TRX_DLY_H1_TEST_1	98	4	9
4007	CDP_DMT_WHL_MCM_KLN_TRX_DLY_H1_TEST_1	98	6	9
4008	CDP_DMT_WHL_MCM_KLN_TRX_DLY_H1_TEST_1	98	8	9
4689	DMT_RTL_KRD_H0	340	242	15
4690	DMT_RTL_KRD_H0	341	242	15
4691	DMT_RTL_KRD_H0	342	242	15
4692	DMT_RTL_KRD_H0	343	242	15
4693	DMT_RTL_KRD_H0	344	242	15
3929	CDP_DMT_WHL_MBC_TRX_CHANNEL_DLY_H1	170	3	2
3930	CDP_DMT_WHL_MBC_TRX_CHANNEL_DLY_H1	171	3	2
3931	CDP_DMT_WHL_MBC_TRX_CHANNEL_DLY_H1	172	3	2
3932	CDP_DMT_WHL_MBC_TRX_CHANNEL_DLY_H1	173	3	2
3933	CDP_DMT_WHL_MBC_TRX_CHANNEL_DLY_H1	174	3	2
3934	CDP_DMT_WHL_MBC_TRX_CHANNEL_DLY_H1	175	3	2
3896	CDP_DMT_WHL_DPKNEW_DLY_H1	137	2	3
3897	CDP_DMT_WHL_DPKNEW_DLY_H1	138	2	3
3898	CDP_DMT_WHL_DPKNEW_DLY_H1	139	2	3
3899	CDP_DMT_WHL_DPKNEW_DLY_H1	140	2	3
3900	CDP_DMT_WHL_DPKNEW_DLY_H1	141	2	3
3901	CDP_DMT_WHL_DPKNEW_DLY_H1	142	2	3
3902	CDP_DMT_WHL_DPKNEW_DLY_H1	143	2	3
3903	CDP_DMT_WHL_DPKNEW_DLY_H1	144	2	3
3904	CDP_DMT_WHL_DPKNEW_DLY_H1	145	2	3
3905	CDP_DMT_WHL_DPKNEW_DLY_H1	146	2	3
3906	CDP_DMT_WHL_DPKNEW_DLY_H1	147	2	3
3907	CDP_DMT_WHL_DPKNEW_DLY_H1	148	2	3
3908	CDP_DMT_WHL_DPKNEW_DLY_H1	149	2	3
3909	CDP_DMT_WHL_DPKNEW_DLY_H1	150	2	3
3910	CDP_DMT_WHL_DPKNEW_DLY_H1	151	2	3
3911	CDP_DMT_WHL_DPKNEW_DLY_H1	152	2	3
3912	CDP_DMT_WHL_DPKNEW_DLY_H1	153	2	3
3913	CDP_DMT_WHL_DPKNEW_DLY_H1	154	2	3
3914	CDP_DMT_WHL_DPKNEW_DLY_H1	155	2	3
3825	CDP_DMT_WHL_MCM_KLN_TRX_DLY_H1	99	10	5
3826	CDP_DMT_WHL_MCM_KLN_TRX_DLY_H1	100	10	5
3827	CDP_DMT_WHL_MCM_KLN_TRX_DLY_H1	101	10	5
3828	CDP_DMT_WHL_MCM_KLN_TRX_DLY_H1	102	10	5
3829	CDP_DMT_WHL_MCM_KLN_TRX_DLY_H1	103	10	5
3830	CDP_DMT_WHL_MCM_KLN_TRX_DLY_H1	104	10	5
3831	CDP_DMT_WHL_MCM_KLN_TRX_DLY_H1	105	10	5
3832	CDP_DMT_WHL_MCM_KLN_TRX_DLY_H1	106	10	5
3833	CDP_DMT_WHL_MCM_KLN_TRX_DLY_H1	107	10	5
3834	CDP_DMT_WHL_MCM_KLN_TRX_DLY_H1	108	10	5
3835	CDP_DMT_WHL_MCM_KLN_TRX_DLY_H1	109	10	5
3836	CDP_DMT_WHL_MCM_KLN_TRX_DLY_H1	81	11	5
3837	CDP_DMT_WHL_MCM_KLN_TRX_DLY_H1	39	11	5
3838	CDP_DMT_WHL_MCM_KLN_TRX_DLY_H1	82	11	5
3839	CDP_DMT_WHL_MCM_KLN_TRX_DLY_H1	83	11	5
3840	CDP_DMT_WHL_MCM_KLN_TRX_DLY_H1	84	11	5
3841	CDP_DMT_WHL_MCM_KLN_TRX_DLY_H1	85	11	5
3842	CDP_DMT_WHL_MCM_KLN_TRX_DLY_H1	86	11	5
3843	CDP_DMT_WHL_MCM_KLN_TRX_DLY_H1	87	11	5
3844	CDP_DMT_WHL_MCM_KLN_TRX_DLY_H1	88	11	5
3845	CDP_DMT_WHL_MCM_KLN_TRX_DLY_H1	89	11	5
3846	CDP_DMT_WHL_MCM_KLN_TRX_DLY_H1	90	11	5
3847	CDP_DMT_WHL_MCM_KLN_TRX_DLY_H1	91	11	5
3848	CDP_DMT_WHL_MCM_KLN_TRX_DLY_H1	92	11	5
3849	CDP_DMT_WHL_MCM_KLN_TRX_DLY_H1	93	11	5
3850	CDP_DMT_WHL_MCM_KLN_TRX_DLY_H1	94	11	5
3851	CDP_DMT_WHL_MCM_KLN_TRX_DLY_H1	95	11	5
3852	CDP_DMT_WHL_MCM_KLN_TRX_DLY_H1	96	11	5
3853	CDP_DMT_WHL_MCM_KLN_TRX_DLY_H1	97	11	5
3854	CDP_DMT_WHL_MCM_KLN_TRX_DLY_H1	98	11	5
3855	CDP_DMT_WHL_MCM_KLN_TRX_DLY_H1	99	11	5
4009	CDP_DMT_WHL_MCM_KLN_TRX_DLY_H1_TEST_1	98	10	9
4010	CDP_DMT_WHL_MCM_KLN_TRX_DLY_H1_TEST_1	102	4	9
4011	CDP_DMT_WHL_MCM_KLN_TRX_DLY_H1_TEST_1	102	6	9
4012	CDP_DMT_WHL_MCM_KLN_TRX_DLY_H1_TEST_1	102	8	9
4013	CDP_DMT_WHL_MCM_KLN_TRX_DLY_H1_TEST_1	102	10	9
4694	DMT_RTL_KRD_H0	345	242	15
3539	CDP_DMT_WHL_TRADE_VOL_BDP_V2_DLY_H1	18	12	1
3540	CDP_DMT_WHL_TRADE_VOL_BDP_V2_DLY_H1	16	12	1
3541	CDP_DMT_WHL_TRADE_VOL_BDP_V2_DLY_H1	26	12	1
3542	CDP_DMT_WHL_TRADE_VOL_BDP_V2_DLY_H1	27	12	1
3543	CDP_DMT_WHL_TRADE_VOL_BDP_V2_DLY_H1	28	12	1
3544	CDP_DMT_WHL_TRADE_VOL_BDP_V2_DLY_H1	24	12	1
3545	CDP_DMT_WHL_TRADE_VOL_BDP_V2_DLY_H1	29	12	1
3866	CDP_DMT_WHL_TRADE_VOL_BDP_V2_DLY_H1	34	12	1
3867	CDP_DMT_WHL_TRADE_VOL_BDP_V2_DLY_H1	35	12	1
3868	CDP_DMT_WHL_TRADE_VOL_BDP_V2_DLY_H1	110	12	1
3869	CDP_DMT_WHL_TRADE_VOL_BDP_V2_DLY_H1	111	12	1
3870	CDP_DMT_WHL_TRADE_VOL_BDP_V2_DLY_H1	39	12	1
3871	CDP_DMT_WHL_TRADE_VOL_BDP_V2_DLY_H1	112	12	1
3872	CDP_DMT_WHL_TRADE_VOL_BDP_V2_DLY_H1	113	12	1
3873	CDP_DMT_WHL_TRADE_VOL_BDP_V2_DLY_H1	114	12	1
3874	CDP_DMT_WHL_TRADE_VOL_BDP_V2_DLY_H1	115	12	1
3875	CDP_DMT_WHL_TRADE_VOL_BDP_V2_DLY_H1	116	12	1
3876	CDP_DMT_WHL_TRADE_VOL_BDP_V2_DLY_H1	117	12	1
3877	CDP_DMT_WHL_TRADE_VOL_BDP_V2_DLY_H1	118	12	1
3878	CDP_DMT_WHL_TRADE_VOL_BDP_V2_DLY_H1	119	12	1
3879	CDP_DMT_WHL_TRADE_VOL_BDP_V2_DLY_H1	120	12	1
3880	CDP_DMT_WHL_TRADE_VOL_BDP_V2_DLY_H1	121	12	1
3881	CDP_DMT_WHL_TRADE_VOL_BDP_V2_DLY_H1	122	12	1
3882	CDP_DMT_WHL_TRADE_VOL_BDP_V2_DLY_H1	123	12	1
3883	CDP_DMT_WHL_TRADE_VOL_BDP_V2_DLY_H1	124	12	1
3884	CDP_DMT_WHL_TRADE_VOL_BDP_V2_DLY_H1	125	12	1
3885	CDP_DMT_WHL_TRADE_VOL_BDP_V2_DLY_H1	126	12	1
3886	CDP_DMT_WHL_TRADE_VOL_BDP_V2_DLY_H1	127	12	1
3887	CDP_DMT_WHL_TRADE_VOL_BDP_V2_DLY_H1	128	12	1
3888	CDP_DMT_WHL_TRADE_VOL_BDP_V2_DLY_H1	129	12	1
3889	CDP_DMT_WHL_TRADE_VOL_BDP_V2_DLY_H1	130	12	1
3890	CDP_DMT_WHL_TRADE_VOL_BDP_V2_DLY_H1	131	12	1
3891	CDP_DMT_WHL_TRADE_VOL_BDP_V2_DLY_H1	132	12	1
3892	CDP_DMT_WHL_TRADE_VOL_BDP_V2_DLY_H1	133	12	1
3941	CDP_DMT_WHL_TRADE_VOL_BDP_V2_DLY_H1	182	12	1
3942	CDP_DMT_WHL_TRADE_VOL_BDP_V2_DLY_H1	183	12	1
3943	CDP_DMT_WHL_TRADE_VOL_BDP_V2_DLY_H1	184	12	1
3944	CDP_DMT_WHL_TRADE_VOL_BDP_V2_DLY_H1	185	12	1
3945	CDP_DMT_WHL_TRADE_VOL_BDP_V2_DLY_H1	186	12	1
3946	CDP_DMT_WHL_TRADE_VOL_BDP_V2_DLY_H1	187	12	1
3947	CDP_DMT_WHL_TRADE_VOL_BDP_V2_DLY_H1	188	12	1
3948	CDP_DMT_WHL_TRADE_VOL_BDP_V2_DLY_H1	189	12	1
3949	CDP_DMT_WHL_TRADE_VOL_BDP_V2_DLY_H1	190	12	1
3950	CDP_DMT_WHL_TRADE_VOL_BDP_V2_DLY_H1	191	12	1
3951	CDP_DMT_WHL_TRADE_VOL_BDP_V2_DLY_H1	192	12	1
3952	CDP_DMT_WHL_TRADE_VOL_BDP_V2_DLY_H1	193	12	1
3953	CDP_DMT_WHL_TRADE_VOL_BDP_V2_DLY_H1	194	12	1
3954	CDP_DMT_WHL_TRADE_VOL_BDP_V2_DLY_H1	195	12	1
3955	CDP_DMT_WHL_TRADE_VOL_BDP_V2_DLY_H1	196	12	1
3956	CDP_DMT_WHL_TRADE_VOL_BDP_V2_DLY_H1	197	12	1
3957	CDP_DMT_WHL_TRADE_VOL_BDP_V2_DLY_H1	198	12	1
3958	CDP_DMT_WHL_TRADE_VOL_BDP_V2_DLY_H1	199	12	1
3959	CDP_DMT_WHL_TRADE_VOL_BDP_V2_DLY_H1	200	12	1
3960	CDP_DMT_WHL_TRADE_VOL_BDP_V2_DLY_H1	201	12	1
3961	CDP_DMT_WHL_TRADE_VOL_BDP_V2_DLY_H1	202	12	1
3615	CDP_DMT_WHL_MBC_TRX_CHANNEL_DLY_H1	39	3	2
3616	CDP_DMT_WHL_MBC_TRX_CHANNEL_DLY_H1	71	3	2
3617	CDP_DMT_WHL_MBC_TRX_CHANNEL_DLY_H1	72	3	2
3618	CDP_DMT_WHL_MBC_TRX_CHANNEL_DLY_H1	73	3	2
3619	CDP_DMT_WHL_MBC_TRX_CHANNEL_DLY_H1	74	3	2
3620	CDP_DMT_WHL_MBC_TRX_CHANNEL_DLY_H1	75	3	2
3621	CDP_DMT_WHL_MBC_TRX_CHANNEL_DLY_H1	76	3	2
3622	CDP_DMT_WHL_MBC_TRX_CHANNEL_DLY_H1	77	3	2
3623	CDP_DMT_WHL_MBC_TRX_CHANNEL_DLY_H1	78	3	2
3624	CDP_DMT_WHL_MBC_TRX_CHANNEL_DLY_H1	79	3	2
3625	CDP_DMT_WHL_MBC_TRX_CHANNEL_DLY_H1	80	3	2
3935	CDP_DMT_WHL_MBC_TRX_CHANNEL_DLY_H1	176	3	2
3936	CDP_DMT_WHL_MBC_TRX_CHANNEL_DLY_H1	177	3	2
3937	CDP_DMT_WHL_MBC_TRX_CHANNEL_DLY_H1	178	3	2
3938	CDP_DMT_WHL_MBC_TRX_CHANNEL_DLY_H1	179	3	2
3939	CDP_DMT_WHL_MBC_TRX_CHANNEL_DLY_H1	180	3	2
3940	CDP_DMT_WHL_MBC_TRX_CHANNEL_DLY_H1	181	3	2
3589	CDP_DMT_WHL_DPKNEW_DLY_H1	48	2	3
3590	CDP_DMT_WHL_DPKNEW_DLY_H1	49	2	3
3591	CDP_DMT_WHL_DPKNEW_DLY_H1	50	2	3
3592	CDP_DMT_WHL_DPKNEW_DLY_H1	51	2	3
3593	CDP_DMT_WHL_DPKNEW_DLY_H1	52	2	3
3594	CDP_DMT_WHL_DPKNEW_DLY_H1	53	2	3
3595	CDP_DMT_WHL_DPKNEW_DLY_H1	54	2	3
3596	CDP_DMT_WHL_DPKNEW_DLY_H1	55	2	3
3597	CDP_DMT_WHL_DPKNEW_DLY_H1	56	2	3
3598	CDP_DMT_WHL_DPKNEW_DLY_H1	57	2	3
3599	CDP_DMT_WHL_DPKNEW_DLY_H1	58	2	3
3600	CDP_DMT_WHL_DPKNEW_DLY_H1	59	2	3
3601	CDP_DMT_WHL_DPKNEW_DLY_H1	60	2	3
3602	CDP_DMT_WHL_DPKNEW_DLY_H1	61	2	3
3603	CDP_DMT_WHL_DPKNEW_DLY_H1	62	2	3
3604	CDP_DMT_WHL_DPKNEW_DLY_H1	63	2	3
3605	CDP_DMT_WHL_DPKNEW_DLY_H1	64	2	3
3606	CDP_DMT_WHL_DPKNEW_DLY_H1	65	2	3
3962	SPARK_DMT_WHL_DM_COFYOL_DAILY_DLY_H1	203	204	6
3963	SPARK_DMT_WHL_DM_COFYOL_DAILY_DLY_H1	2	204	6
3607	CDP_DMT_WHL_DPKNEW_DLY_H1	66	2	3
3608	CDP_DMT_WHL_DPKNEW_DLY_H1	67	2	3
3609	CDP_DMT_WHL_DPKNEW_DLY_H1	68	2	3
3915	CDP_DMT_WHL_DPKNEW_DLY_H1	156	2	3
3916	CDP_DMT_WHL_DPKNEW_DLY_H1	157	2	3
3917	CDP_DMT_WHL_DPKNEW_DLY_H1	158	2	3
3918	CDP_DMT_WHL_DPKNEW_DLY_H1	159	2	3
3919	CDP_DMT_WHL_DPKNEW_DLY_H1	160	2	3
3920	CDP_DMT_WHL_DPKNEW_DLY_H1	161	2	3
3921	CDP_DMT_WHL_DPKNEW_DLY_H1	162	2	3
3922	CDP_DMT_WHL_DPKNEW_DLY_H1	163	2	3
3923	CDP_DMT_WHL_DPKNEW_DLY_H1	164	2	3
3924	CDP_DMT_WHL_DPKNEW_DLY_H1	165	2	3
3925	CDP_DMT_WHL_DPKNEW_DLY_H1	166	2	3
3926	CDP_DMT_WHL_DPKNEW_DLY_H1	167	2	3
3927	CDP_DMT_WHL_DPKNEW_DLY_H1	168	2	3
3928	CDP_DMT_WHL_DPKNEW_DLY_H1	169	2	3
3527	CDP_DMT_WHL_MCM_KLN_TRX_DLY_H1	17	9	5
4695	DMT_RTL_KRD_H0	293	242	15
3529	CDP_DMT_WHL_MCM_KLN_TRX_DLY_H1	24	9	5
3530	CDP_DMT_WHL_MCM_KLN_TRX_DLY_H1	25	9	5
3531	CDP_DMT_WHL_MCM_KLN_TRX_DLY_H1	17	10	5
4696	DMT_RTL_KRD_H0	346	242	15
3533	CDP_DMT_WHL_MCM_KLN_TRX_DLY_H1	24	10	5
3534	CDP_DMT_WHL_MCM_KLN_TRX_DLY_H1	25	10	5
3535	CDP_DMT_WHL_MCM_KLN_TRX_DLY_H1	17	11	5
4697	DMT_RTL_KRD_H0	347	242	15
3537	CDP_DMT_WHL_MCM_KLN_TRX_DLY_H1	24	11	5
3538	CDP_DMT_WHL_MCM_KLN_TRX_DLY_H1	25	11	5
3551	CDP_DMT_WHL_MCM_KLN_TRX_DLY_H1	33	4	5
3552	CDP_DMT_WHL_MCM_KLN_TRX_DLY_H1	30	4	5
3553	CDP_DMT_WHL_MCM_KLN_TRX_DLY_H1	31	4	5
3554	CDP_DMT_WHL_MCM_KLN_TRX_DLY_H1	33	5	5
3555	CDP_DMT_WHL_MCM_KLN_TRX_DLY_H1	30	5	5
3556	CDP_DMT_WHL_MCM_KLN_TRX_DLY_H1	31	5	5
3557	CDP_DMT_WHL_MCM_KLN_TRX_DLY_H1	33	6	5
3558	CDP_DMT_WHL_MCM_KLN_TRX_DLY_H1	30	6	5
3559	CDP_DMT_WHL_MCM_KLN_TRX_DLY_H1	31	6	5
3560	CDP_DMT_WHL_MCM_KLN_TRX_DLY_H1	33	7	5
3561	CDP_DMT_WHL_MCM_KLN_TRX_DLY_H1	30	7	5
3562	CDP_DMT_WHL_MCM_KLN_TRX_DLY_H1	31	7	5
3563	CDP_DMT_WHL_MCM_KLN_TRX_DLY_H1	33	8	5
3564	CDP_DMT_WHL_MCM_KLN_TRX_DLY_H1	30	8	5
3565	CDP_DMT_WHL_MCM_KLN_TRX_DLY_H1	31	8	5
3566	CDP_DMT_WHL_MCM_KLN_TRX_DLY_H1	33	9	5
3567	CDP_DMT_WHL_MCM_KLN_TRX_DLY_H1	30	9	5
3568	CDP_DMT_WHL_MCM_KLN_TRX_DLY_H1	31	9	5
3569	CDP_DMT_WHL_MCM_KLN_TRX_DLY_H1	33	10	5
3570	CDP_DMT_WHL_MCM_KLN_TRX_DLY_H1	30	10	5
3571	CDP_DMT_WHL_MCM_KLN_TRX_DLY_H1	31	10	5
3572	CDP_DMT_WHL_MCM_KLN_TRX_DLY_H1	33	11	5
3573	CDP_DMT_WHL_MCM_KLN_TRX_DLY_H1	30	11	5
3574	CDP_DMT_WHL_MCM_KLN_TRX_DLY_H1	31	11	5
3635	CDP_DMT_WHL_MCM_KLN_TRX_DLY_H1	89	4	5
3636	CDP_DMT_WHL_MCM_KLN_TRX_DLY_H1	90	4	5
3637	CDP_DMT_WHL_MCM_KLN_TRX_DLY_H1	91	4	5
3638	CDP_DMT_WHL_MCM_KLN_TRX_DLY_H1	92	4	5
3639	CDP_DMT_WHL_MCM_KLN_TRX_DLY_H1	93	4	5
3640	CDP_DMT_WHL_MCM_KLN_TRX_DLY_H1	94	4	5
3641	CDP_DMT_WHL_MCM_KLN_TRX_DLY_H1	95	4	5
3642	CDP_DMT_WHL_MCM_KLN_TRX_DLY_H1	96	4	5
3643	CDP_DMT_WHL_MCM_KLN_TRX_DLY_H1	97	4	5
3644	CDP_DMT_WHL_MCM_KLN_TRX_DLY_H1	98	4	5
3645	CDP_DMT_WHL_MCM_KLN_TRX_DLY_H1	99	4	5
3646	CDP_DMT_WHL_MCM_KLN_TRX_DLY_H1	100	4	5
3647	CDP_DMT_WHL_MCM_KLN_TRX_DLY_H1	101	4	5
3648	CDP_DMT_WHL_MCM_KLN_TRX_DLY_H1	102	4	5
3649	CDP_DMT_WHL_MCM_KLN_TRX_DLY_H1	103	4	5
3650	CDP_DMT_WHL_MCM_KLN_TRX_DLY_H1	104	4	5
3651	CDP_DMT_WHL_MCM_KLN_TRX_DLY_H1	105	4	5
3652	CDP_DMT_WHL_MCM_KLN_TRX_DLY_H1	106	4	5
3653	CDP_DMT_WHL_MCM_KLN_TRX_DLY_H1	107	4	5
3654	CDP_DMT_WHL_MCM_KLN_TRX_DLY_H1	108	4	5
3655	CDP_DMT_WHL_MCM_KLN_TRX_DLY_H1	109	4	5
3656	CDP_DMT_WHL_MCM_KLN_TRX_DLY_H1	81	5	5
3657	CDP_DMT_WHL_MCM_KLN_TRX_DLY_H1	39	5	5
3658	CDP_DMT_WHL_MCM_KLN_TRX_DLY_H1	82	5	5
3659	CDP_DMT_WHL_MCM_KLN_TRX_DLY_H1	83	5	5
3660	CDP_DMT_WHL_MCM_KLN_TRX_DLY_H1	84	5	5
3661	CDP_DMT_WHL_MCM_KLN_TRX_DLY_H1	85	5	5
3662	CDP_DMT_WHL_MCM_KLN_TRX_DLY_H1	86	5	5
3663	CDP_DMT_WHL_MCM_KLN_TRX_DLY_H1	87	5	5
3664	CDP_DMT_WHL_MCM_KLN_TRX_DLY_H1	88	5	5
3665	CDP_DMT_WHL_MCM_KLN_TRX_DLY_H1	89	5	5
3666	CDP_DMT_WHL_MCM_KLN_TRX_DLY_H1	90	5	5
3667	CDP_DMT_WHL_MCM_KLN_TRX_DLY_H1	91	5	5
3668	CDP_DMT_WHL_MCM_KLN_TRX_DLY_H1	92	5	5
3669	CDP_DMT_WHL_MCM_KLN_TRX_DLY_H1	93	5	5
3670	CDP_DMT_WHL_MCM_KLN_TRX_DLY_H1	94	5	5
3671	CDP_DMT_WHL_MCM_KLN_TRX_DLY_H1	95	5	5
3672	CDP_DMT_WHL_MCM_KLN_TRX_DLY_H1	96	5	5
3673	CDP_DMT_WHL_MCM_KLN_TRX_DLY_H1	97	5	5
3674	CDP_DMT_WHL_MCM_KLN_TRX_DLY_H1	98	5	5
3675	CDP_DMT_WHL_MCM_KLN_TRX_DLY_H1	99	5	5
3676	CDP_DMT_WHL_MCM_KLN_TRX_DLY_H1	100	5	5
3677	CDP_DMT_WHL_MCM_KLN_TRX_DLY_H1	101	5	5
3678	CDP_DMT_WHL_MCM_KLN_TRX_DLY_H1	102	5	5
3679	CDP_DMT_WHL_MCM_KLN_TRX_DLY_H1	103	5	5
3680	CDP_DMT_WHL_MCM_KLN_TRX_DLY_H1	104	5	5
3681	CDP_DMT_WHL_MCM_KLN_TRX_DLY_H1	105	5	5
3682	CDP_DMT_WHL_MCM_KLN_TRX_DLY_H1	106	5	5
3683	CDP_DMT_WHL_MCM_KLN_TRX_DLY_H1	107	5	5
3684	CDP_DMT_WHL_MCM_KLN_TRX_DLY_H1	108	5	5
3685	CDP_DMT_WHL_MCM_KLN_TRX_DLY_H1	109	5	5
3686	CDP_DMT_WHL_MCM_KLN_TRX_DLY_H1	81	6	5
3687	CDP_DMT_WHL_MCM_KLN_TRX_DLY_H1	39	6	5
3688	CDP_DMT_WHL_MCM_KLN_TRX_DLY_H1	82	6	5
4698	DMT_RTL_KRD_H0	348	242	15
3689	CDP_DMT_WHL_MCM_KLN_TRX_DLY_H1	83	6	5
3690	CDP_DMT_WHL_MCM_KLN_TRX_DLY_H1	84	6	5
3691	CDP_DMT_WHL_MCM_KLN_TRX_DLY_H1	85	6	5
3692	CDP_DMT_WHL_MCM_KLN_TRX_DLY_H1	86	6	5
3693	CDP_DMT_WHL_MCM_KLN_TRX_DLY_H1	87	6	5
3694	CDP_DMT_WHL_MCM_KLN_TRX_DLY_H1	88	6	5
3695	CDP_DMT_WHL_MCM_KLN_TRX_DLY_H1	89	6	5
3696	CDP_DMT_WHL_MCM_KLN_TRX_DLY_H1	90	6	5
3697	CDP_DMT_WHL_MCM_KLN_TRX_DLY_H1	91	6	5
3698	CDP_DMT_WHL_MCM_KLN_TRX_DLY_H1	92	6	5
3699	CDP_DMT_WHL_MCM_KLN_TRX_DLY_H1	93	6	5
3700	CDP_DMT_WHL_MCM_KLN_TRX_DLY_H1	94	6	5
3701	CDP_DMT_WHL_MCM_KLN_TRX_DLY_H1	95	6	5
3702	CDP_DMT_WHL_MCM_KLN_TRX_DLY_H1	96	6	5
3703	CDP_DMT_WHL_MCM_KLN_TRX_DLY_H1	97	6	5
3704	CDP_DMT_WHL_MCM_KLN_TRX_DLY_H1	98	6	5
3705	CDP_DMT_WHL_MCM_KLN_TRX_DLY_H1	99	6	5
3706	CDP_DMT_WHL_MCM_KLN_TRX_DLY_H1	100	6	5
3707	CDP_DMT_WHL_MCM_KLN_TRX_DLY_H1	101	6	5
3708	CDP_DMT_WHL_MCM_KLN_TRX_DLY_H1	102	6	5
3709	CDP_DMT_WHL_MCM_KLN_TRX_DLY_H1	103	6	5
3710	CDP_DMT_WHL_MCM_KLN_TRX_DLY_H1	104	6	5
3711	CDP_DMT_WHL_MCM_KLN_TRX_DLY_H1	105	6	5
3712	CDP_DMT_WHL_MCM_KLN_TRX_DLY_H1	106	6	5
3713	CDP_DMT_WHL_MCM_KLN_TRX_DLY_H1	107	6	5
3714	CDP_DMT_WHL_MCM_KLN_TRX_DLY_H1	108	6	5
3715	CDP_DMT_WHL_MCM_KLN_TRX_DLY_H1	109	6	5
3716	CDP_DMT_WHL_MCM_KLN_TRX_DLY_H1	81	7	5
3717	CDP_DMT_WHL_MCM_KLN_TRX_DLY_H1	39	7	5
3718	CDP_DMT_WHL_MCM_KLN_TRX_DLY_H1	82	7	5
3719	CDP_DMT_WHL_MCM_KLN_TRX_DLY_H1	83	7	5
3720	CDP_DMT_WHL_MCM_KLN_TRX_DLY_H1	84	7	5
3721	CDP_DMT_WHL_MCM_KLN_TRX_DLY_H1	85	7	5
3722	CDP_DMT_WHL_MCM_KLN_TRX_DLY_H1	86	7	5
3723	CDP_DMT_WHL_MCM_KLN_TRX_DLY_H1	87	7	5
3724	CDP_DMT_WHL_MCM_KLN_TRX_DLY_H1	88	7	5
3725	CDP_DMT_WHL_MCM_KLN_TRX_DLY_H1	89	7	5
3726	CDP_DMT_WHL_MCM_KLN_TRX_DLY_H1	90	7	5
3727	CDP_DMT_WHL_MCM_KLN_TRX_DLY_H1	91	7	5
3728	CDP_DMT_WHL_MCM_KLN_TRX_DLY_H1	92	7	5
3729	CDP_DMT_WHL_MCM_KLN_TRX_DLY_H1	93	7	5
3730	CDP_DMT_WHL_MCM_KLN_TRX_DLY_H1	94	7	5
3731	CDP_DMT_WHL_MCM_KLN_TRX_DLY_H1	95	7	5
3732	CDP_DMT_WHL_MCM_KLN_TRX_DLY_H1	96	7	5
3733	CDP_DMT_WHL_MCM_KLN_TRX_DLY_H1	97	7	5
3734	CDP_DMT_WHL_MCM_KLN_TRX_DLY_H1	98	7	5
3735	CDP_DMT_WHL_MCM_KLN_TRX_DLY_H1	99	7	5
3736	CDP_DMT_WHL_MCM_KLN_TRX_DLY_H1	100	7	5
3737	CDP_DMT_WHL_MCM_KLN_TRX_DLY_H1	101	7	5
3738	CDP_DMT_WHL_MCM_KLN_TRX_DLY_H1	102	7	5
3739	CDP_DMT_WHL_MCM_KLN_TRX_DLY_H1	103	7	5
3740	CDP_DMT_WHL_MCM_KLN_TRX_DLY_H1	104	7	5
3741	CDP_DMT_WHL_MCM_KLN_TRX_DLY_H1	105	7	5
3742	CDP_DMT_WHL_MCM_KLN_TRX_DLY_H1	106	7	5
3743	CDP_DMT_WHL_MCM_KLN_TRX_DLY_H1	107	7	5
3744	CDP_DMT_WHL_MCM_KLN_TRX_DLY_H1	108	7	5
3745	CDP_DMT_WHL_MCM_KLN_TRX_DLY_H1	109	7	5
3746	CDP_DMT_WHL_MCM_KLN_TRX_DLY_H1	81	8	5
3747	CDP_DMT_WHL_MCM_KLN_TRX_DLY_H1	39	8	5
3748	CDP_DMT_WHL_MCM_KLN_TRX_DLY_H1	82	8	5
3749	CDP_DMT_WHL_MCM_KLN_TRX_DLY_H1	83	8	5
3750	CDP_DMT_WHL_MCM_KLN_TRX_DLY_H1	84	8	5
3751	CDP_DMT_WHL_MCM_KLN_TRX_DLY_H1	85	8	5
3752	CDP_DMT_WHL_MCM_KLN_TRX_DLY_H1	86	8	5
3753	CDP_DMT_WHL_MCM_KLN_TRX_DLY_H1	87	8	5
3754	CDP_DMT_WHL_MCM_KLN_TRX_DLY_H1	88	8	5
3755	CDP_DMT_WHL_MCM_KLN_TRX_DLY_H1	89	8	5
3756	CDP_DMT_WHL_MCM_KLN_TRX_DLY_H1	90	8	5
3757	CDP_DMT_WHL_MCM_KLN_TRX_DLY_H1	91	8	5
3758	CDP_DMT_WHL_MCM_KLN_TRX_DLY_H1	92	8	5
3759	CDP_DMT_WHL_MCM_KLN_TRX_DLY_H1	93	8	5
3760	CDP_DMT_WHL_MCM_KLN_TRX_DLY_H1	94	8	5
3761	CDP_DMT_WHL_MCM_KLN_TRX_DLY_H1	95	8	5
3762	CDP_DMT_WHL_MCM_KLN_TRX_DLY_H1	96	8	5
3763	CDP_DMT_WHL_MCM_KLN_TRX_DLY_H1	97	8	5
3764	CDP_DMT_WHL_MCM_KLN_TRX_DLY_H1	98	8	5
3765	CDP_DMT_WHL_MCM_KLN_TRX_DLY_H1	99	8	5
3766	CDP_DMT_WHL_MCM_KLN_TRX_DLY_H1	100	8	5
3767	CDP_DMT_WHL_MCM_KLN_TRX_DLY_H1	101	8	5
3768	CDP_DMT_WHL_MCM_KLN_TRX_DLY_H1	102	8	5
3769	CDP_DMT_WHL_MCM_KLN_TRX_DLY_H1	103	8	5
3770	CDP_DMT_WHL_MCM_KLN_TRX_DLY_H1	104	8	5
3771	CDP_DMT_WHL_MCM_KLN_TRX_DLY_H1	105	8	5
3772	CDP_DMT_WHL_MCM_KLN_TRX_DLY_H1	106	8	5
3773	CDP_DMT_WHL_MCM_KLN_TRX_DLY_H1	107	8	5
3774	CDP_DMT_WHL_MCM_KLN_TRX_DLY_H1	108	8	5
3775	CDP_DMT_WHL_MCM_KLN_TRX_DLY_H1	109	8	5
3776	CDP_DMT_WHL_MCM_KLN_TRX_DLY_H1	81	9	5
3777	CDP_DMT_WHL_MCM_KLN_TRX_DLY_H1	39	9	5
3778	CDP_DMT_WHL_MCM_KLN_TRX_DLY_H1	82	9	5
3779	CDP_DMT_WHL_MCM_KLN_TRX_DLY_H1	83	9	5
3780	CDP_DMT_WHL_MCM_KLN_TRX_DLY_H1	84	9	5
3781	CDP_DMT_WHL_MCM_KLN_TRX_DLY_H1	85	9	5
3782	CDP_DMT_WHL_MCM_KLN_TRX_DLY_H1	86	9	5
3783	CDP_DMT_WHL_MCM_KLN_TRX_DLY_H1	87	9	5
3784	CDP_DMT_WHL_MCM_KLN_TRX_DLY_H1	88	9	5
3785	CDP_DMT_WHL_MCM_KLN_TRX_DLY_H1	89	9	5
3786	CDP_DMT_WHL_MCM_KLN_TRX_DLY_H1	90	9	5
3787	CDP_DMT_WHL_MCM_KLN_TRX_DLY_H1	91	9	5
3788	CDP_DMT_WHL_MCM_KLN_TRX_DLY_H1	92	9	5
3789	CDP_DMT_WHL_MCM_KLN_TRX_DLY_H1	93	9	5
3790	CDP_DMT_WHL_MCM_KLN_TRX_DLY_H1	94	9	5
3791	CDP_DMT_WHL_MCM_KLN_TRX_DLY_H1	95	9	5
3792	CDP_DMT_WHL_MCM_KLN_TRX_DLY_H1	96	9	5
3793	CDP_DMT_WHL_MCM_KLN_TRX_DLY_H1	97	9	5
3794	CDP_DMT_WHL_MCM_KLN_TRX_DLY_H1	98	9	5
3795	CDP_DMT_WHL_MCM_KLN_TRX_DLY_H1	99	9	5
3796	CDP_DMT_WHL_MCM_KLN_TRX_DLY_H1	100	9	5
3797	CDP_DMT_WHL_MCM_KLN_TRX_DLY_H1	101	9	5
3798	CDP_DMT_WHL_MCM_KLN_TRX_DLY_H1	102	9	5
3799	CDP_DMT_WHL_MCM_KLN_TRX_DLY_H1	103	9	5
3800	CDP_DMT_WHL_MCM_KLN_TRX_DLY_H1	104	9	5
3801	CDP_DMT_WHL_MCM_KLN_TRX_DLY_H1	105	9	5
3802	CDP_DMT_WHL_MCM_KLN_TRX_DLY_H1	106	9	5
3803	CDP_DMT_WHL_MCM_KLN_TRX_DLY_H1	107	9	5
3804	CDP_DMT_WHL_MCM_KLN_TRX_DLY_H1	108	9	5
3805	CDP_DMT_WHL_MCM_KLN_TRX_DLY_H1	109	9	5
3806	CDP_DMT_WHL_MCM_KLN_TRX_DLY_H1	81	10	5
3807	CDP_DMT_WHL_MCM_KLN_TRX_DLY_H1	39	10	5
3808	CDP_DMT_WHL_MCM_KLN_TRX_DLY_H1	82	10	5
3809	CDP_DMT_WHL_MCM_KLN_TRX_DLY_H1	83	10	5
3810	CDP_DMT_WHL_MCM_KLN_TRX_DLY_H1	84	10	5
3811	CDP_DMT_WHL_MCM_KLN_TRX_DLY_H1	85	10	5
3812	CDP_DMT_WHL_MCM_KLN_TRX_DLY_H1	86	10	5
3813	CDP_DMT_WHL_MCM_KLN_TRX_DLY_H1	87	10	5
3814	CDP_DMT_WHL_MCM_KLN_TRX_DLY_H1	88	10	5
3815	CDP_DMT_WHL_MCM_KLN_TRX_DLY_H1	89	10	5
3816	CDP_DMT_WHL_MCM_KLN_TRX_DLY_H1	90	10	5
3817	CDP_DMT_WHL_MCM_KLN_TRX_DLY_H1	91	10	5
3818	CDP_DMT_WHL_MCM_KLN_TRX_DLY_H1	92	10	5
3819	CDP_DMT_WHL_MCM_KLN_TRX_DLY_H1	93	10	5
3820	CDP_DMT_WHL_MCM_KLN_TRX_DLY_H1	94	10	5
3821	CDP_DMT_WHL_MCM_KLN_TRX_DLY_H1	95	10	5
3822	CDP_DMT_WHL_MCM_KLN_TRX_DLY_H1	96	10	5
3823	CDP_DMT_WHL_MCM_KLN_TRX_DLY_H1	97	10	5
3824	CDP_DMT_WHL_MCM_KLN_TRX_DLY_H1	98	10	5
3856	CDP_DMT_WHL_MCM_KLN_TRX_DLY_H1	100	11	5
3857	CDP_DMT_WHL_MCM_KLN_TRX_DLY_H1	101	11	5
3858	CDP_DMT_WHL_MCM_KLN_TRX_DLY_H1	102	11	5
3859	CDP_DMT_WHL_MCM_KLN_TRX_DLY_H1	103	11	5
3860	CDP_DMT_WHL_MCM_KLN_TRX_DLY_H1	104	11	5
3861	CDP_DMT_WHL_MCM_KLN_TRX_DLY_H1	105	11	5
3862	CDP_DMT_WHL_MCM_KLN_TRX_DLY_H1	106	11	5
3863	CDP_DMT_WHL_MCM_KLN_TRX_DLY_H1	107	11	5
3864	CDP_DMT_WHL_MCM_KLN_TRX_DLY_H1	108	11	5
3865	CDP_DMT_WHL_MCM_KLN_TRX_DLY_H1	109	11	5
4014	CDP_DMT_WHL_MCM_KLN_TRX_DLY_H1_TEST_1	99	4	9
4015	CDP_DMT_WHL_MCM_KLN_TRX_DLY_H1_TEST_1	99	6	9
4016	CDP_DMT_WHL_MCM_KLN_TRX_DLY_H1_TEST_1	99	8	9
4017	CDP_DMT_WHL_MCM_KLN_TRX_DLY_H1_TEST_1	99	10	9
4018	CDP_DMT_WHL_MCM_KLN_TRX_DLY_H1_TEST_1	83	4	9
4019	CDP_DMT_WHL_MCM_KLN_TRX_DLY_H1_TEST_1	83	6	9
4020	CDP_DMT_WHL_MCM_KLN_TRX_DLY_H1_TEST_1	83	8	9
4021	CDP_DMT_WHL_MCM_KLN_TRX_DLY_H1_TEST_1	83	10	9
4022	CDP_DMT_WHL_MCM_KLN_TRX_DLY_H1_TEST_1	84	4	9
4023	CDP_DMT_WHL_MCM_KLN_TRX_DLY_H1_TEST_1	84	6	9
4024	CDP_DMT_WHL_MCM_KLN_TRX_DLY_H1_TEST_1	84	8	9
4025	CDP_DMT_WHL_MCM_KLN_TRX_DLY_H1_TEST_1	84	10	9
4026	CDP_DMT_WHL_MCM_KLN_TRX_DLY_H1_TEST_1	88	4	9
4027	CDP_DMT_WHL_MCM_KLN_TRX_DLY_H1_TEST_1	88	6	9
4028	CDP_DMT_WHL_MCM_KLN_TRX_DLY_H1_TEST_1	88	8	9
4029	CDP_DMT_WHL_MCM_KLN_TRX_DLY_H1_TEST_1	88	10	9
4030	CDP_DMT_WHL_MCM_KLN_TRX_DLY_H1_TEST_1	85	4	9
4031	CDP_DMT_WHL_MCM_KLN_TRX_DLY_H1_TEST_1	85	6	9
4032	CDP_DMT_WHL_MCM_KLN_TRX_DLY_H1_TEST_1	85	8	9
4033	CDP_DMT_WHL_MCM_KLN_TRX_DLY_H1_TEST_1	85	10	9
4034	CDP_DMT_WHL_MCM_KLN_TRX_DLY_H1_TEST_1	104	4	9
4035	CDP_DMT_WHL_MCM_KLN_TRX_DLY_H1_TEST_1	104	6	9
4036	CDP_DMT_WHL_MCM_KLN_TRX_DLY_H1_TEST_1	104	8	9
4037	CDP_DMT_WHL_MCM_KLN_TRX_DLY_H1_TEST_1	104	10	9
4038	CDP_DMT_WHL_MCM_KLN_TRX_DLY_H1_TEST_1	105	4	9
4039	CDP_DMT_WHL_MCM_KLN_TRX_DLY_H1_TEST_1	105	6	9
4040	CDP_DMT_WHL_MCM_KLN_TRX_DLY_H1_TEST_1	105	8	9
4041	CDP_DMT_WHL_MCM_KLN_TRX_DLY_H1_TEST_1	105	10	9
4042	CDP_DMT_WHL_MCM_KLN_TRX_DLY_H1_TEST_1	109	4	9
4043	CDP_DMT_WHL_MCM_KLN_TRX_DLY_H1_TEST_1	109	6	9
4044	CDP_DMT_WHL_MCM_KLN_TRX_DLY_H1_TEST_1	109	8	9
4045	CDP_DMT_WHL_MCM_KLN_TRX_DLY_H1_TEST_1	109	10	9
4046	CDP_DMT_WHL_MCM_KLN_TRX_DLY_H1_TEST_1	106	4	9
4047	CDP_DMT_WHL_MCM_KLN_TRX_DLY_H1_TEST_1	106	6	9
4048	CDP_DMT_WHL_MCM_KLN_TRX_DLY_H1_TEST_1	106	8	9
4049	CDP_DMT_WHL_MCM_KLN_TRX_DLY_H1_TEST_1	106	10	9
4050	CDP_DMT_WHL_MCM_KLN_TRX_DLY_H1_TEST_1	33	4	9
4051	CDP_DMT_WHL_MCM_KLN_TRX_DLY_H1_TEST_1	33	6	9
4052	CDP_DMT_WHL_MCM_KLN_TRX_DLY_H1_TEST_1	33	8	9
4053	CDP_DMT_WHL_MCM_KLN_TRX_DLY_H1_TEST_1	33	10	9
4054	CDP_DMT_WHL_MCM_KLN_TRX_DLY_H1_TEST_1	6	4	9
4055	CDP_DMT_WHL_MCM_KLN_TRX_DLY_H1_TEST_1	6	6	9
4056	CDP_DMT_WHL_MCM_KLN_TRX_DLY_H1_TEST_1	6	8	9
4057	CDP_DMT_WHL_MCM_KLN_TRX_DLY_H1_TEST_1	6	10	9
4058	CDP_DMT_WHL_MCM_KLN_TRX_DLY_H1_TEST_1	7	4	9
4059	CDP_DMT_WHL_MCM_KLN_TRX_DLY_H1_TEST_1	7	6	9
4060	CDP_DMT_WHL_MCM_KLN_TRX_DLY_H1_TEST_1	7	8	9
4061	CDP_DMT_WHL_MCM_KLN_TRX_DLY_H1_TEST_1	7	10	9
4062	CDP_DMT_WHL_MCM_KLN_TRX_DLY_H1_TEST_1	8	4	9
4063	CDP_DMT_WHL_MCM_KLN_TRX_DLY_H1_TEST_1	8	6	9
4064	CDP_DMT_WHL_MCM_KLN_TRX_DLY_H1_TEST_1	8	8	9
4065	CDP_DMT_WHL_MCM_KLN_TRX_DLY_H1_TEST_1	8	10	9
4066	CDP_DMT_WHL_MCM_KLN_TRX_DLY_H1_TEST_1	9	4	9
4067	CDP_DMT_WHL_MCM_KLN_TRX_DLY_H1_TEST_1	9	6	9
4068	CDP_DMT_WHL_MCM_KLN_TRX_DLY_H1_TEST_1	9	8	9
4069	CDP_DMT_WHL_MCM_KLN_TRX_DLY_H1_TEST_1	9	10	9
4070	CDP_DMT_WHL_MCM_KLN_TRX_DLY_H1_TEST_1	10	4	9
4071	CDP_DMT_WHL_MCM_KLN_TRX_DLY_H1_TEST_1	10	6	9
4072	CDP_DMT_WHL_MCM_KLN_TRX_DLY_H1_TEST_1	10	8	9
4073	CDP_DMT_WHL_MCM_KLN_TRX_DLY_H1_TEST_1	10	10	9
4074	CDP_DMT_WHL_MCM_KLN_TRX_DLY_H1_TEST_1	11	4	9
4699	DMT_RTL_KRD_H0	349	242	15
4239	CDP_DMT_WHL_EALCO_DLY_H0	223	243	10
4240	CDP_DMT_WHL_EALCO_DLY_H0	2	218	10
4241	CDP_DMT_WHL_EALCO_DLY_H0	2	239	10
4242	CDP_DMT_WHL_EALCO_DLY_H0	2	246	10
4243	CDP_DMT_WHL_EALCO_DLY_H0	2	243	10
4244	CDP_DMT_WHL_EALCO_DLY_H0	24	218	10
4245	CDP_DMT_WHL_EALCO_DLY_H0	24	239	10
4246	CDP_DMT_WHL_EALCO_DLY_H0	24	246	10
4247	CDP_DMT_WHL_EALCO_DLY_H0	24	243	10
4248	CDP_DMT_WHL_EALCO_DLY_H0	35	218	10
4249	CDP_DMT_WHL_EALCO_DLY_H0	35	239	10
4250	CDP_DMT_WHL_EALCO_DLY_H0	35	246	10
4251	CDP_DMT_WHL_EALCO_DLY_H0	35	243	10
4252	CDP_DMT_WHL_EALCO_DLY_H0	224	218	10
4253	CDP_DMT_WHL_EALCO_DLY_H0	224	239	10
4254	CDP_DMT_WHL_EALCO_DLY_H0	224	246	10
4255	CDP_DMT_WHL_EALCO_DLY_H0	224	243	10
4256	CDP_DMT_WHL_EALCO_DLY_H0	225	218	10
4257	CDP_DMT_WHL_EALCO_DLY_H0	225	239	10
4258	CDP_DMT_WHL_EALCO_DLY_H0	225	246	10
4259	CDP_DMT_WHL_EALCO_DLY_H0	225	243	10
4260	CDP_DMT_WHL_EALCO_DLY_H0	227	218	10
4261	CDP_DMT_WHL_EALCO_DLY_H0	227	239	10
4262	CDP_DMT_WHL_EALCO_DLY_H0	227	246	10
4263	CDP_DMT_WHL_EALCO_DLY_H0	227	243	10
4264	CDP_DMT_WHL_EALCO_DLY_H0	228	218	10
4265	CDP_DMT_WHL_EALCO_DLY_H0	228	239	10
4266	CDP_DMT_WHL_EALCO_DLY_H0	228	246	10
4267	CDP_DMT_WHL_EALCO_DLY_H0	228	243	10
4268	CDP_DMT_WHL_EALCO_DLY_H0	229	218	10
4269	CDP_DMT_WHL_EALCO_DLY_H0	229	239	10
4270	CDP_DMT_WHL_EALCO_DLY_H0	229	246	10
4271	CDP_DMT_WHL_EALCO_DLY_H0	229	243	10
4272	CDP_DMT_WHL_EALCO_DLY_H0	230	218	10
4273	CDP_DMT_WHL_EALCO_DLY_H0	230	239	10
4274	CDP_DMT_WHL_EALCO_DLY_H0	230	246	10
4275	CDP_DMT_WHL_EALCO_DLY_H0	230	243	10
4276	CDP_DMT_WHL_EALCO_DLY_H0	231	218	10
4277	CDP_DMT_WHL_EALCO_DLY_H0	231	239	10
4278	CDP_DMT_WHL_EALCO_DLY_H0	231	246	10
4279	CDP_DMT_WHL_EALCO_DLY_H0	231	243	10
4280	CDP_DMT_WHL_EALCO_DLY_H0	232	218	10
4281	CDP_DMT_WHL_EALCO_DLY_H0	232	239	10
4282	CDP_DMT_WHL_EALCO_DLY_H0	232	246	10
4283	CDP_DMT_WHL_EALCO_DLY_H0	232	243	10
4284	CDP_DMT_WHL_EALCO_DLY_H0	233	218	10
4285	CDP_DMT_WHL_EALCO_DLY_H0	233	239	10
4286	CDP_DMT_WHL_EALCO_DLY_H0	233	246	10
4287	CDP_DMT_WHL_EALCO_DLY_H0	233	243	10
4288	CDP_DMT_WHL_EALCO_DLY_H0	234	218	10
4289	CDP_DMT_WHL_EALCO_DLY_H0	234	239	10
4290	CDP_DMT_WHL_EALCO_DLY_H0	234	246	10
4291	CDP_DMT_WHL_EALCO_DLY_H0	234	243	10
4292	CDP_DMT_WHL_EALCO_DLY_H0	235	218	10
4293	CDP_DMT_WHL_EALCO_DLY_H0	235	239	10
4294	CDP_DMT_WHL_EALCO_DLY_H0	235	246	10
4295	CDP_DMT_WHL_EALCO_DLY_H0	235	243	10
4296	CDP_DMT_WHL_EALCO_DLY_H0	236	218	10
4297	CDP_DMT_WHL_EALCO_DLY_H0	236	239	10
4298	CDP_DMT_WHL_EALCO_DLY_H0	236	246	10
4299	CDP_DMT_WHL_EALCO_DLY_H0	236	243	10
4300	CDP_DMT_WHL_EALCO_DLY_H0	237	218	10
4301	CDP_DMT_WHL_EALCO_DLY_H0	237	239	10
4302	CDP_DMT_WHL_EALCO_DLY_H0	237	246	10
4303	CDP_DMT_WHL_EALCO_DLY_H0	237	243	10
4304	CDP_DMT_WHL_EALCO_DLY_H0	238	218	10
4305	CDP_DMT_WHL_EALCO_DLY_H0	238	239	10
4306	CDP_DMT_WHL_EALCO_DLY_H0	238	246	10
4307	CDP_DMT_WHL_EALCO_DLY_H0	238	243	10
4308	CDP_DMT_WHL_EALCO_DLY_H0	239	218	10
4309	CDP_DMT_WHL_EALCO_DLY_H0	239	239	10
4310	CDP_DMT_WHL_EALCO_DLY_H0	239	246	10
4311	CDP_DMT_WHL_EALCO_DLY_H0	239	243	10
4312	CDP_DMT_WHL_EALCO_DLY_H0	220	218	10
4313	CDP_DMT_WHL_EALCO_DLY_H0	220	239	10
4314	CDP_DMT_WHL_EALCO_DLY_H0	220	246	10
4315	CDP_DMT_WHL_EALCO_DLY_H0	220	243	10
4316	CDP_DMT_WHL_EALCO_DLY_H0	218	218	10
4317	CDP_DMT_WHL_EALCO_DLY_H0	218	239	10
4318	CDP_DMT_WHL_EALCO_DLY_H0	218	246	10
4319	CDP_DMT_WHL_EALCO_DLY_H0	218	243	10
4320	CDP_DMT_WHL_EALCO_DLY_H0	240	218	10
4321	CDP_DMT_WHL_EALCO_DLY_H0	240	239	10
4322	CDP_DMT_WHL_EALCO_DLY_H0	240	246	10
4323	CDP_DMT_WHL_EALCO_DLY_H0	240	243	10
4324	CDP_DMT_WHL_EALCO_DLY_H0	241	218	10
4325	CDP_DMT_WHL_EALCO_DLY_H0	241	239	10
4326	CDP_DMT_WHL_EALCO_DLY_H0	241	246	10
4327	CDP_DMT_WHL_EALCO_DLY_H0	241	243	10
4328	CDP_DMT_WHL_EALCO_DLY_H0	242	218	10
4329	CDP_DMT_WHL_EALCO_DLY_H0	242	239	10
4330	CDP_DMT_WHL_EALCO_DLY_H0	242	246	10
4331	CDP_DMT_WHL_EALCO_DLY_H0	242	243	10
4332	CDP_DMT_WHL_EALCO_DLY_H0	243	218	10
4333	CDP_DMT_WHL_EALCO_DLY_H0	243	239	10
4334	CDP_DMT_WHL_EALCO_DLY_H0	243	246	10
4335	CDP_DMT_WHL_EALCO_DLY_H0	243	243	10
4336	CDP_DMT_WHL_EALCO_DLY_H0	244	218	10
4337	CDP_DMT_WHL_EALCO_DLY_H0	244	239	10
4338	CDP_DMT_WHL_EALCO_DLY_H0	244	246	10
4339	CDP_DMT_WHL_EALCO_DLY_H0	244	243	10
4340	CDP_DMT_WHL_EALCO_DLY_H0	245	218	10
4341	CDP_DMT_WHL_EALCO_DLY_H0	245	239	10
4342	CDP_DMT_WHL_EALCO_DLY_H0	245	246	10
4343	CDP_DMT_WHL_EALCO_DLY_H0	245	243	10
4344	CDP_DMT_WHL_EALCO_DLY_H0	246	218	10
4345	CDP_DMT_WHL_EALCO_DLY_H0	246	239	10
4346	CDP_DMT_WHL_EALCO_DLY_H0	246	246	10
4347	CDP_DMT_WHL_EALCO_DLY_H0	246	243	10
4228	CDP_DMT_WHL_EALCO_DLY_H0	221	218	10
4229	CDP_DMT_WHL_EALCO_DLY_H0	221	239	10
4348	CDP_DMT_WHL_EALCO_DLY_H0_TEST1	220	218	11
4349	CDP_DMT_WHL_EALCO_DLY_H0_TEST1	220	239	11
4350	CDP_DMT_WHL_EALCO_DLY_H0_TEST1	220	246	11
4351	CDP_DMT_WHL_EALCO_DLY_H0_TEST1	220	243	11
4352	CDP_DMT_WHL_EALCO_DLY_H0_TEST1	221	218	11
4353	CDP_DMT_WHL_EALCO_DLY_H0_TEST1	221	239	11
4354	CDP_DMT_WHL_EALCO_DLY_H0_TEST1	221	246	11
4355	CDP_DMT_WHL_EALCO_DLY_H0_TEST1	221	243	11
4356	CDP_DMT_WHL_EALCO_DLY_H0_TEST1	222	218	11
4357	CDP_DMT_WHL_EALCO_DLY_H0_TEST1	222	239	11
4358	CDP_DMT_WHL_EALCO_DLY_H0_TEST1	222	246	11
4359	CDP_DMT_WHL_EALCO_DLY_H0_TEST1	222	243	11
4360	CDP_DMT_WHL_EALCO_DLY_H0_TEST1	223	218	11
4361	CDP_DMT_WHL_EALCO_DLY_H0_TEST1	223	239	11
4362	CDP_DMT_WHL_EALCO_DLY_H0_TEST1	223	246	11
4363	CDP_DMT_WHL_EALCO_DLY_H0_TEST1	223	243	11
4364	CDP_DMT_WHL_EALCO_DLY_H0_TEST1	2	218	11
4365	CDP_DMT_WHL_EALCO_DLY_H0_TEST1	2	239	11
4366	CDP_DMT_WHL_EALCO_DLY_H0_TEST1	2	246	11
4367	CDP_DMT_WHL_EALCO_DLY_H0_TEST1	2	243	11
4368	CDP_DMT_WHL_EALCO_DLY_H0_TEST1	24	218	11
4369	CDP_DMT_WHL_EALCO_DLY_H0_TEST1	24	239	11
4370	CDP_DMT_WHL_EALCO_DLY_H0_TEST1	24	246	11
4371	CDP_DMT_WHL_EALCO_DLY_H0_TEST1	24	243	11
4372	CDP_DMT_WHL_EALCO_DLY_H0_TEST1	35	218	11
4373	CDP_DMT_WHL_EALCO_DLY_H0_TEST1	35	239	11
4374	CDP_DMT_WHL_EALCO_DLY_H0_TEST1	35	246	11
4375	CDP_DMT_WHL_EALCO_DLY_H0_TEST1	35	243	11
4376	CDP_DMT_WHL_EALCO_DLY_H0_TEST1	224	218	11
4377	CDP_DMT_WHL_EALCO_DLY_H0_TEST1	224	239	11
4378	CDP_DMT_WHL_EALCO_DLY_H0_TEST1	224	246	11
4379	CDP_DMT_WHL_EALCO_DLY_H0_TEST1	224	243	11
4380	CDP_DMT_WHL_EALCO_DLY_H0_TEST1	225	218	11
4381	CDP_DMT_WHL_EALCO_DLY_H0_TEST1	225	239	11
4382	CDP_DMT_WHL_EALCO_DLY_H0_TEST1	225	246	11
4383	CDP_DMT_WHL_EALCO_DLY_H0_TEST1	225	243	11
4384	CDP_DMT_WHL_EALCO_DLY_H0_TEST1	226	218	11
4385	CDP_DMT_WHL_EALCO_DLY_H0_TEST1	226	239	11
4386	CDP_DMT_WHL_EALCO_DLY_H0_TEST1	226	246	11
4387	CDP_DMT_WHL_EALCO_DLY_H0_TEST1	226	243	11
4388	CDP_DMT_WHL_EALCO_DLY_H0_TEST1	227	218	11
4389	CDP_DMT_WHL_EALCO_DLY_H0_TEST1	227	239	11
4390	CDP_DMT_WHL_EALCO_DLY_H0_TEST1	227	246	11
4391	CDP_DMT_WHL_EALCO_DLY_H0_TEST1	227	243	11
4392	CDP_DMT_WHL_EALCO_DLY_H0_TEST1	228	218	11
4393	CDP_DMT_WHL_EALCO_DLY_H0_TEST1	228	239	11
4394	CDP_DMT_WHL_EALCO_DLY_H0_TEST1	228	246	11
4395	CDP_DMT_WHL_EALCO_DLY_H0_TEST1	228	243	11
4396	CDP_DMT_WHL_EALCO_DLY_H0_TEST1	229	218	11
4397	CDP_DMT_WHL_EALCO_DLY_H0_TEST1	229	239	11
4398	CDP_DMT_WHL_EALCO_DLY_H0_TEST1	229	246	11
4399	CDP_DMT_WHL_EALCO_DLY_H0_TEST1	229	243	11
4400	CDP_DMT_WHL_EALCO_DLY_H0_TEST1	230	218	11
4401	CDP_DMT_WHL_EALCO_DLY_H0_TEST1	230	239	11
4402	CDP_DMT_WHL_EALCO_DLY_H0_TEST1	230	246	11
4403	CDP_DMT_WHL_EALCO_DLY_H0_TEST1	230	243	11
4404	CDP_DMT_WHL_EALCO_DLY_H0_TEST1	231	218	11
4405	CDP_DMT_WHL_EALCO_DLY_H0_TEST1	231	239	11
4406	CDP_DMT_WHL_EALCO_DLY_H0_TEST1	231	246	11
4407	CDP_DMT_WHL_EALCO_DLY_H0_TEST1	231	243	11
4408	CDP_DMT_WHL_EALCO_DLY_H0_TEST1	232	218	11
4409	CDP_DMT_WHL_EALCO_DLY_H0_TEST1	232	239	11
4410	CDP_DMT_WHL_EALCO_DLY_H0_TEST1	232	246	11
4411	CDP_DMT_WHL_EALCO_DLY_H0_TEST1	232	243	11
4412	CDP_DMT_WHL_EALCO_DLY_H0_TEST1	233	218	11
4413	CDP_DMT_WHL_EALCO_DLY_H0_TEST1	233	239	11
4414	CDP_DMT_WHL_EALCO_DLY_H0_TEST1	233	246	11
4415	CDP_DMT_WHL_EALCO_DLY_H0_TEST1	233	243	11
4416	CDP_DMT_WHL_EALCO_DLY_H0_TEST1	234	218	11
4417	CDP_DMT_WHL_EALCO_DLY_H0_TEST1	234	239	11
4418	CDP_DMT_WHL_EALCO_DLY_H0_TEST1	234	246	11
4419	CDP_DMT_WHL_EALCO_DLY_H0_TEST1	234	243	11
4420	CDP_DMT_WHL_EALCO_DLY_H0_TEST1	235	218	11
4421	CDP_DMT_WHL_EALCO_DLY_H0_TEST1	235	239	11
4422	CDP_DMT_WHL_EALCO_DLY_H0_TEST1	235	246	11
4423	CDP_DMT_WHL_EALCO_DLY_H0_TEST1	235	243	11
4424	CDP_DMT_WHL_EALCO_DLY_H0_TEST1	236	218	11
4425	CDP_DMT_WHL_EALCO_DLY_H0_TEST1	236	239	11
4426	CDP_DMT_WHL_EALCO_DLY_H0_TEST1	236	246	11
4427	CDP_DMT_WHL_EALCO_DLY_H0_TEST1	236	243	11
4428	CDP_DMT_WHL_EALCO_DLY_H0_TEST1	237	218	11
4429	CDP_DMT_WHL_EALCO_DLY_H0_TEST1	237	239	11
4430	CDP_DMT_WHL_EALCO_DLY_H0_TEST1	237	246	11
4431	CDP_DMT_WHL_EALCO_DLY_H0_TEST1	237	243	11
4432	CDP_DMT_WHL_EALCO_DLY_H0_TEST1	238	218	11
4433	CDP_DMT_WHL_EALCO_DLY_H0_TEST1	238	239	11
4434	CDP_DMT_WHL_EALCO_DLY_H0_TEST1	238	246	11
4435	CDP_DMT_WHL_EALCO_DLY_H0_TEST1	238	243	11
4436	CDP_DMT_WHL_EALCO_DLY_H0_TEST1	239	218	11
4437	CDP_DMT_WHL_EALCO_DLY_H0_TEST1	239	239	11
4438	CDP_DMT_WHL_EALCO_DLY_H0_TEST1	239	246	11
4439	CDP_DMT_WHL_EALCO_DLY_H0_TEST1	239	243	11
4440	CDP_DMT_WHL_EALCO_DLY_H0_TEST1	218	218	11
4441	CDP_DMT_WHL_EALCO_DLY_H0_TEST1	218	239	11
4442	CDP_DMT_WHL_EALCO_DLY_H0_TEST1	218	246	11
4443	CDP_DMT_WHL_EALCO_DLY_H0_TEST1	218	243	11
4444	CDP_DMT_WHL_EALCO_DLY_H0_TEST1	240	218	11
4445	CDP_DMT_WHL_EALCO_DLY_H0_TEST1	240	239	11
4446	CDP_DMT_WHL_EALCO_DLY_H0_TEST1	240	246	11
4447	CDP_DMT_WHL_EALCO_DLY_H0_TEST1	240	243	11
4448	CDP_DMT_WHL_EALCO_DLY_H0_TEST1	241	218	11
4449	CDP_DMT_WHL_EALCO_DLY_H0_TEST1	241	239	11
4450	CDP_DMT_WHL_EALCO_DLY_H0_TEST1	241	246	11
4451	CDP_DMT_WHL_EALCO_DLY_H0_TEST1	241	243	11
4452	CDP_DMT_WHL_EALCO_DLY_H0_TEST1	242	218	11
4453	CDP_DMT_WHL_EALCO_DLY_H0_TEST1	242	239	11
4454	CDP_DMT_WHL_EALCO_DLY_H0_TEST1	242	246	11
4455	CDP_DMT_WHL_EALCO_DLY_H0_TEST1	242	243	11
4456	CDP_DMT_WHL_EALCO_DLY_H0_TEST1	243	218	11
4457	CDP_DMT_WHL_EALCO_DLY_H0_TEST1	243	239	11
4458	CDP_DMT_WHL_EALCO_DLY_H0_TEST1	243	246	11
4459	CDP_DMT_WHL_EALCO_DLY_H0_TEST1	243	243	11
4460	CDP_DMT_WHL_EALCO_DLY_H0_TEST1	244	218	11
4461	CDP_DMT_WHL_EALCO_DLY_H0_TEST1	244	239	11
4462	CDP_DMT_WHL_EALCO_DLY_H0_TEST1	244	246	11
4463	CDP_DMT_WHL_EALCO_DLY_H0_TEST1	244	243	11
4464	CDP_DMT_WHL_EALCO_DLY_H0_TEST1	245	218	11
4465	CDP_DMT_WHL_EALCO_DLY_H0_TEST1	245	239	11
4466	CDP_DMT_WHL_EALCO_DLY_H0_TEST1	245	246	11
4467	CDP_DMT_WHL_EALCO_DLY_H0_TEST1	245	243	11
4468	CDP_DMT_WHL_EALCO_DLY_H0_TEST1	246	218	11
4469	CDP_DMT_WHL_EALCO_DLY_H0_TEST1	246	239	11
4470	CDP_DMT_WHL_EALCO_DLY_H0_TEST1	246	246	11
4471	CDP_DMT_WHL_EALCO_DLY_H0_TEST1	246	243	11
4472	CDP_DMT_WHL_EALCO_DLY_H0_TEST1	256	218	11
4473	CDP_DMT_WHL_EALCO_DLY_H0_TEST1	256	239	11
4474	CDP_DMT_WHL_EALCO_DLY_H0_TEST1	256	246	11
4475	CDP_DMT_WHL_EALCO_DLY_H0_TEST1	256	243	11
4476	CDP_DMT_WHL_EALCO_DLY_H0_TEST1	257	218	11
4477	CDP_DMT_WHL_EALCO_DLY_H0_TEST1	257	239	11
4478	CDP_DMT_WHL_EALCO_DLY_H0_TEST1	257	246	11
4479	CDP_DMT_WHL_EALCO_DLY_H0_TEST1	257	243	11
4480	CDP_DMT_WHL_EALCO_DLY_H0_TEST1	258	218	11
4481	CDP_DMT_WHL_EALCO_DLY_H0_TEST1	258	239	11
4482	CDP_DMT_WHL_EALCO_DLY_H0_TEST1	258	246	11
4483	CDP_DMT_WHL_EALCO_DLY_H0_TEST1	258	243	11
4484	CDP_DMT_WHL_EALCO_DLY_H0_TEST1	259	218	11
4485	CDP_DMT_WHL_EALCO_DLY_H0_TEST1	259	239	11
4486	CDP_DMT_WHL_EALCO_DLY_H0_TEST1	259	246	11
4487	CDP_DMT_WHL_EALCO_DLY_H0_TEST1	259	243	11
4488	CDP_DMT_WHL_EALCO_DLY_H0_TEST1	260	218	11
4489	CDP_DMT_WHL_EALCO_DLY_H0_TEST1	260	239	11
4490	CDP_DMT_WHL_EALCO_DLY_H0_TEST1	260	246	11
4491	CDP_DMT_WHL_EALCO_DLY_H0_TEST1	260	243	11
4492	CDP_DMT_WHL_EALCO_DLY_H0_TEST1	261	218	11
4493	CDP_DMT_WHL_EALCO_DLY_H0_TEST1	261	239	11
4494	CDP_DMT_WHL_EALCO_DLY_H0_TEST1	261	246	11
4495	CDP_DMT_WHL_EALCO_DLY_H0_TEST1	261	243	11
4496	CDP_DMT_WHL_EALCO_DLY_H0_TEST1	262	218	11
4497	CDP_DMT_WHL_EALCO_DLY_H0_TEST1	262	239	11
4498	CDP_DMT_WHL_EALCO_DLY_H0_TEST1	262	246	11
4499	CDP_DMT_WHL_EALCO_DLY_H0_TEST1	262	243	11
4500	CDP_DMT_WHL_EALCO_DLY_H0_TEST1	263	218	11
4501	CDP_DMT_WHL_EALCO_DLY_H0_TEST1	263	239	11
4502	CDP_DMT_WHL_EALCO_DLY_H0_TEST1	263	246	11
4503	CDP_DMT_WHL_EALCO_DLY_H0_TEST1	263	243	11
4504	CDP_DMT_WHL_EALCO_DLY_H0_TEST1	254	218	11
4505	CDP_DMT_WHL_EALCO_DLY_H0_TEST1	254	239	11
4506	CDP_DMT_WHL_EALCO_DLY_H0_TEST1	254	246	11
4507	CDP_DMT_WHL_EALCO_DLY_H0_TEST1	254	243	11
4508	CDP_DMT_WHL_EALCO_DLY_H0_TEST1	255	218	11
4509	CDP_DMT_WHL_EALCO_DLY_H0_TEST1	255	239	11
4510	CDP_DMT_WHL_EALCO_DLY_H0_TEST1	255	246	11
4511	CDP_DMT_WHL_EALCO_DLY_H0_TEST1	255	243	11
4700	DMT_RTL_KRD_H0	350	242	15
4701	DMT_RTL_KRD_H0	351	242	15
4702	DMT_RTL_KRD_H0	352	242	15
4703	DMT_RTL_KRD_H0	353	242	15
4704	DMT_RTL_KRD_H0	354	242	15
4705	DMT_RTL_KRD_H0	355	242	15
4706	DMT_RTL_KRD_H0	356	242	15
4707	DMT_RTL_KRD_H0	357	242	15
4708	DMT_RTL_KRD_H0	358	242	15
4709	DMT_RTL_KRD_H0	359	242	15
4710	DMT_RTL_KRD_H0	360	242	15
4711	DMT_RTL_KRD_H0	361	242	15
4712	DMT_RTL_KRD_H0	241	242	15
4713	DMT_RTL_KRD_H0	362	242	15
4714	DMT_RTL_KRD_H0	363	242	15
4715	DMT_RTL_KRD_H0	364	242	15
4716	DMT_RTL_KRD_H0	34	242	15
4718	DMT_RTL_KRD_H0	365	242	15
4719	DMT_RTL_KRD_H0	366	242	15
4720	DMT_RTL_KRD_H0	367	242	15
4721	DMT_RTL_KRD_H0	368	242	15
4722	DMT_RTL_KRD_H0	369	242	15
4723	DMT_RTL_KRD_H0	370	242	15
4560	DPK_H0_dom_dili_0.1	277	222	13
4561	DPK_H0_dom_dili_0.1	278	222	13
4562	DPK_H0_dom_dili_0.1	279	222	13
4563	DPK_H0_dom_dili_0.1	280	222	13
4564	DPK_H0_dom_dili_0.1	281	222	13
4565	DPK_H0_dom_dili_0.1	282	222	13
4566	DPK_H0_dom_dili_0.1	283	222	13
4567	DPK_H0_dom_dili_0.1	284	222	13
4568	DPK_H0_dom_dili_0.1	285	222	13
4569	DPK_H0_dom_dili_0.1	286	222	13
4570	DPK_H0_dom_dili_0.1	287	222	13
4571	DPK_H0_dom_dili_0.1	288	222	13
4572	DPK_H0_dom_dili_0.1	289	222	13
4574	DPK_H0_dom_dili_0.1	264	222	13
4575	DPK_H0_dom_dili_0.1	265	222	13
4576	DPK_H0_dom_dili_0.1	266	222	13
4577	DPK_H0_dom_dili_0.1	267	222	13
4578	DPK_H0_dom_dili_0.1	268	222	13
4579	DPK_H0_dom_dili_0.1	269	222	13
4580	DPK_H0_dom_dili_0.1	270	222	13
4581	DPK_H0_dom_dili_0.1	271	222	13
4582	DPK_H0_dom_dili_0.1	272	222	13
4583	DPK_H0_dom_dili_0.1	273	222	13
4584	DPK_H0_dom_dili_0.1	274	222	13
4585	DPK_H0_dom_dili_0.1	275	222	13
4586	DPK_H0_dom_dili_0.1	34	222	13
4587	DPK_H0_dom_dili_0.1	276	222	13
4588	DPK_H0_dom_dili_0.1	35	222	13
4880	CDP_DMT_WHL_DPK_DLY_H1_2025_0.1	398	2	16
4881	CDP_DMT_WHL_DPK_DLY_H1_2025_0.1	399	2	16
4882	DMT_WHL_DDMAST_ORA_DLY_H1	139	2	17
4883	DMT_WHL_DDMAST_ORA_DLY_H1	31	2	17
4884	DMT_WHL_DDMAST_ORA_DLY_H1	32	2	17
4885	DMT_WHL_DDMAST_ORA_DLY_H1	400	2	17
4974	CDP_DMT_WHL_ANOMALI_AGUNAN_DLY_H1	30	401	18
4975	CDP_DMT_WHL_ANOMALI_AGUNAN_DLY_H1	35	401	18
4976	CDP_DMT_WHL_ANOMALI_AGUNAN_DLY_H1	401	401	18
4977	CDP_DMT_WHL_ANOMALI_AGUNAN_DLY_H1	402	401	18
4978	CDP_DMT_WHL_ANOMALI_AGUNAN_DLY_H1	31	401	18
4979	CDP_DMT_WHL_ANOMALI_AGUNAN_DLY_H1	403	401	18
4980	CDP_DMT_WHL_ANOMALI_AGUNAN_DLY_H1	404	401	18
4981	CDP_DMT_WHL_ANOMALI_AGUNAN_DLY_H1	405	401	18
4982	CDP_DMT_WHL_ANOMALI_AGUNAN_DLY_H1	406	401	18
4983	CDP_DMT_WHL_ANOMALI_AGUNAN_DLY_H1	407	401	18
4984	CDP_DMT_WHL_ANOMALI_AGUNAN_DLY_H1	408	401	18
4985	CDP_DMT_WHL_ANOMALI_AGUNAN_DLY_H1	409	401	18
4986	CDP_DMT_WHL_ANOMALI_AGUNAN_DLY_H1	39	401	18
4987	CDP_DMT_WHL_ANOMALI_AGUNAN_DLY_H1	34	401	18
4988	CDP_DMT_WHL_ANOMALI_AGUNAN_DLY_H1	410	401	18
4989	CDP_DMT_WHL_ANOMALI_AGUNAN_DLY_H1	411	401	18
4990	CDP_DMT_WHL_ANOMALI_AGUNAN_DLY_H1	412	401	18
4991	CDP_DMT_WHL_ANOMALI_AGUNAN_DLY_H1	413	401	18
4992	CDP_DMT_WHL_ANOMALI_AGUNAN_DLY_H1	414	401	18
4993	CDP_DMT_WHL_ANOMALI_AGUNAN_DLY_H1	415	401	18
4994	CDP_DMT_WHL_ANOMALI_AGUNAN_DLY_H1	416	401	18
4995	CDP_DMT_WHL_ANOMALI_AGUNAN_DLY_H1	417	401	18
4996	CDP_DMT_WHL_KOPRA_SUBSIDI_PRE_REQUISITE_DLY_H1	30	418	19
4997	CDP_DMT_WHL_KOPRA_SUBSIDI_PRE_REQUISITE_DLY_H1	419	418	19
4998	CDP_DMT_WHL_KOPRA_SUBSIDI_PRE_REQUISITE_DLY_H1	72	418	19
4999	CDP_DMT_WHL_KOPRA_SUBSIDI_PRE_REQUISITE_DLY_H1	81	418	19
5000	CDP_DMT_WHL_KOPRA_SUBSIDI_PRE_REQUISITE_DLY_H1	420	418	19
5001	CDP_DMT_WHL_KOPRA_SUBSIDI_PRE_REQUISITE_DLY_H1	421	418	19
5002	CDP_DMT_WHL_KOPRA_SUBSIDI_PRE_REQUISITE_DLY_H1	33	418	19
5003	CDP_DMT_WHL_KOPRA_SUBSIDI_PRE_REQUISITE_DLY_H1	31	418	19
5004	CDP_DMT_WHL_KOPRA_SUBSIDI_PRE_REQUISITE_DLY_H1	422	418	19
5005	CDP_DMT_WHL_KOPRA_SUBSIDI_PRE_REQUISITE_DLY_H1	423	418	19
5006	CDP_DMT_WHL_KOPRA_SUBSIDI_PRE_REQUISITE_DLY_H1	424	418	19
5007	CDP_DMT_WHL_KOPRA_SUBSIDI_PRE_REQUISITE_DLY_H1	425	418	19
5008	CDP_DMT_WHL_KOPRA_SUBSIDI_PRE_REQUISITE_DLY_H1	426	418	19
5009	CDP_DMT_WHL_KOPRA_SUBSIDI_PRE_REQUISITE_DLY_H1	427	418	19
5010	CDP_DMT_WHL_KOPRA_SUBSIDI_PRE_REQUISITE_DLY_H1	428	418	19
5011	CDP_DMT_WHL_KOPRA_SUBSIDI_PRE_REQUISITE_DLY_H1	429	418	19
5012	CDP_DMT_WHL_KOPRA_SUBSIDI_PRE_REQUISITE_DLY_H1	34	418	19
5013	CDP_DMT_WHL_EALCO_DLY_H0_TEST_WORKFLOW_BARU	220	218	20
5014	CDP_DMT_WHL_EALCO_DLY_H0_TEST_WORKFLOW_BARU	220	239	20
5015	CDP_DMT_WHL_EALCO_DLY_H0_TEST_WORKFLOW_BARU	220	246	20
5016	CDP_DMT_WHL_EALCO_DLY_H0_TEST_WORKFLOW_BARU	220	243	20
5017	CDP_DMT_WHL_EALCO_DLY_H0_TEST_WORKFLOW_BARU	221	218	20
5018	CDP_DMT_WHL_EALCO_DLY_H0_TEST_WORKFLOW_BARU	221	239	20
5019	CDP_DMT_WHL_EALCO_DLY_H0_TEST_WORKFLOW_BARU	221	246	20
5020	CDP_DMT_WHL_EALCO_DLY_H0_TEST_WORKFLOW_BARU	221	243	20
5021	CDP_DMT_WHL_EALCO_DLY_H0_TEST_WORKFLOW_BARU	222	218	20
5022	CDP_DMT_WHL_EALCO_DLY_H0_TEST_WORKFLOW_BARU	222	239	20
5023	CDP_DMT_WHL_EALCO_DLY_H0_TEST_WORKFLOW_BARU	222	246	20
5024	CDP_DMT_WHL_EALCO_DLY_H0_TEST_WORKFLOW_BARU	222	243	20
5025	CDP_DMT_WHL_EALCO_DLY_H0_TEST_WORKFLOW_BARU	223	218	20
5026	CDP_DMT_WHL_EALCO_DLY_H0_TEST_WORKFLOW_BARU	223	239	20
5027	CDP_DMT_WHL_EALCO_DLY_H0_TEST_WORKFLOW_BARU	223	246	20
5028	CDP_DMT_WHL_EALCO_DLY_H0_TEST_WORKFLOW_BARU	223	243	20
5029	CDP_DMT_WHL_EALCO_DLY_H0_TEST_WORKFLOW_BARU	2	218	20
5030	CDP_DMT_WHL_EALCO_DLY_H0_TEST_WORKFLOW_BARU	2	239	20
5031	CDP_DMT_WHL_EALCO_DLY_H0_TEST_WORKFLOW_BARU	2	246	20
5032	CDP_DMT_WHL_EALCO_DLY_H0_TEST_WORKFLOW_BARU	2	243	20
5033	CDP_DMT_WHL_EALCO_DLY_H0_TEST_WORKFLOW_BARU	24	218	20
5034	CDP_DMT_WHL_EALCO_DLY_H0_TEST_WORKFLOW_BARU	24	239	20
5035	CDP_DMT_WHL_EALCO_DLY_H0_TEST_WORKFLOW_BARU	24	246	20
5239	CDP_DMT_WHL_EALCO	241	246	21
5240	CDP_DMT_WHL_EALCO	241	243	21
5241	CDP_DMT_WHL_EALCO	242	218	21
5242	CDP_DMT_WHL_EALCO	242	239	21
5243	CDP_DMT_WHL_EALCO	242	246	21
5244	CDP_DMT_WHL_EALCO	242	243	21
5245	CDP_DMT_WHL_EALCO	243	218	21
5246	CDP_DMT_WHL_EALCO	243	239	21
5247	CDP_DMT_WHL_EALCO	243	246	21
5248	CDP_DMT_WHL_EALCO	243	243	21
5249	CDP_DMT_WHL_EALCO	244	218	21
5250	CDP_DMT_WHL_EALCO	244	239	21
5251	CDP_DMT_WHL_EALCO	244	246	21
5252	CDP_DMT_WHL_EALCO	244	243	21
5253	CDP_DMT_WHL_EALCO	245	218	21
5254	CDP_DMT_WHL_EALCO	245	239	21
5255	CDP_DMT_WHL_EALCO	245	246	21
5256	CDP_DMT_WHL_EALCO	245	243	21
5257	CDP_DMT_WHL_EALCO	246	218	21
5258	CDP_DMT_WHL_EALCO	246	239	21
5259	CDP_DMT_WHL_EALCO	246	246	21
5260	CDP_DMT_WHL_EALCO	246	243	21
5036	CDP_DMT_WHL_EALCO_DLY_H0_TEST_WORKFLOW_BARU	24	243	20
5037	CDP_DMT_WHL_EALCO_DLY_H0_TEST_WORKFLOW_BARU	35	218	20
5038	CDP_DMT_WHL_EALCO_DLY_H0_TEST_WORKFLOW_BARU	35	239	20
5039	CDP_DMT_WHL_EALCO_DLY_H0_TEST_WORKFLOW_BARU	35	246	20
5040	CDP_DMT_WHL_EALCO_DLY_H0_TEST_WORKFLOW_BARU	35	243	20
5041	CDP_DMT_WHL_EALCO_DLY_H0_TEST_WORKFLOW_BARU	224	218	20
5042	CDP_DMT_WHL_EALCO_DLY_H0_TEST_WORKFLOW_BARU	224	239	20
5043	CDP_DMT_WHL_EALCO_DLY_H0_TEST_WORKFLOW_BARU	224	246	20
5044	CDP_DMT_WHL_EALCO_DLY_H0_TEST_WORKFLOW_BARU	224	243	20
5045	CDP_DMT_WHL_EALCO_DLY_H0_TEST_WORKFLOW_BARU	225	218	20
5046	CDP_DMT_WHL_EALCO_DLY_H0_TEST_WORKFLOW_BARU	225	239	20
5047	CDP_DMT_WHL_EALCO_DLY_H0_TEST_WORKFLOW_BARU	225	246	20
5048	CDP_DMT_WHL_EALCO_DLY_H0_TEST_WORKFLOW_BARU	225	243	20
5049	CDP_DMT_WHL_EALCO_DLY_H0_TEST_WORKFLOW_BARU	226	218	20
5050	CDP_DMT_WHL_EALCO_DLY_H0_TEST_WORKFLOW_BARU	226	239	20
5051	CDP_DMT_WHL_EALCO_DLY_H0_TEST_WORKFLOW_BARU	226	246	20
5052	CDP_DMT_WHL_EALCO_DLY_H0_TEST_WORKFLOW_BARU	226	243	20
5053	CDP_DMT_WHL_EALCO_DLY_H0_TEST_WORKFLOW_BARU	227	218	20
5054	CDP_DMT_WHL_EALCO_DLY_H0_TEST_WORKFLOW_BARU	227	239	20
5055	CDP_DMT_WHL_EALCO_DLY_H0_TEST_WORKFLOW_BARU	227	246	20
5056	CDP_DMT_WHL_EALCO_DLY_H0_TEST_WORKFLOW_BARU	227	243	20
5057	CDP_DMT_WHL_EALCO_DLY_H0_TEST_WORKFLOW_BARU	228	218	20
5058	CDP_DMT_WHL_EALCO_DLY_H0_TEST_WORKFLOW_BARU	228	239	20
5059	CDP_DMT_WHL_EALCO_DLY_H0_TEST_WORKFLOW_BARU	228	246	20
5060	CDP_DMT_WHL_EALCO_DLY_H0_TEST_WORKFLOW_BARU	228	243	20
5061	CDP_DMT_WHL_EALCO_DLY_H0_TEST_WORKFLOW_BARU	229	218	20
5062	CDP_DMT_WHL_EALCO_DLY_H0_TEST_WORKFLOW_BARU	229	239	20
5063	CDP_DMT_WHL_EALCO_DLY_H0_TEST_WORKFLOW_BARU	229	246	20
5064	CDP_DMT_WHL_EALCO_DLY_H0_TEST_WORKFLOW_BARU	229	243	20
5065	CDP_DMT_WHL_EALCO_DLY_H0_TEST_WORKFLOW_BARU	230	218	20
5066	CDP_DMT_WHL_EALCO_DLY_H0_TEST_WORKFLOW_BARU	230	239	20
5067	CDP_DMT_WHL_EALCO_DLY_H0_TEST_WORKFLOW_BARU	230	246	20
5068	CDP_DMT_WHL_EALCO_DLY_H0_TEST_WORKFLOW_BARU	230	243	20
5069	CDP_DMT_WHL_EALCO_DLY_H0_TEST_WORKFLOW_BARU	231	218	20
5070	CDP_DMT_WHL_EALCO_DLY_H0_TEST_WORKFLOW_BARU	231	239	20
5071	CDP_DMT_WHL_EALCO_DLY_H0_TEST_WORKFLOW_BARU	231	246	20
5072	CDP_DMT_WHL_EALCO_DLY_H0_TEST_WORKFLOW_BARU	231	243	20
5073	CDP_DMT_WHL_EALCO_DLY_H0_TEST_WORKFLOW_BARU	232	218	20
5074	CDP_DMT_WHL_EALCO_DLY_H0_TEST_WORKFLOW_BARU	232	239	20
5075	CDP_DMT_WHL_EALCO_DLY_H0_TEST_WORKFLOW_BARU	232	246	20
5076	CDP_DMT_WHL_EALCO_DLY_H0_TEST_WORKFLOW_BARU	232	243	20
5077	CDP_DMT_WHL_EALCO_DLY_H0_TEST_WORKFLOW_BARU	233	218	20
5078	CDP_DMT_WHL_EALCO_DLY_H0_TEST_WORKFLOW_BARU	233	239	20
5079	CDP_DMT_WHL_EALCO_DLY_H0_TEST_WORKFLOW_BARU	233	246	20
5080	CDP_DMT_WHL_EALCO_DLY_H0_TEST_WORKFLOW_BARU	233	243	20
5081	CDP_DMT_WHL_EALCO_DLY_H0_TEST_WORKFLOW_BARU	234	218	20
5082	CDP_DMT_WHL_EALCO_DLY_H0_TEST_WORKFLOW_BARU	234	239	20
5083	CDP_DMT_WHL_EALCO_DLY_H0_TEST_WORKFLOW_BARU	234	246	20
5084	CDP_DMT_WHL_EALCO_DLY_H0_TEST_WORKFLOW_BARU	234	243	20
5085	CDP_DMT_WHL_EALCO_DLY_H0_TEST_WORKFLOW_BARU	235	218	20
5086	CDP_DMT_WHL_EALCO_DLY_H0_TEST_WORKFLOW_BARU	235	239	20
5087	CDP_DMT_WHL_EALCO_DLY_H0_TEST_WORKFLOW_BARU	235	246	20
5088	CDP_DMT_WHL_EALCO_DLY_H0_TEST_WORKFLOW_BARU	235	243	20
5089	CDP_DMT_WHL_EALCO_DLY_H0_TEST_WORKFLOW_BARU	236	218	20
5090	CDP_DMT_WHL_EALCO_DLY_H0_TEST_WORKFLOW_BARU	236	239	20
5091	CDP_DMT_WHL_EALCO_DLY_H0_TEST_WORKFLOW_BARU	236	246	20
5092	CDP_DMT_WHL_EALCO_DLY_H0_TEST_WORKFLOW_BARU	236	243	20
5093	CDP_DMT_WHL_EALCO_DLY_H0_TEST_WORKFLOW_BARU	237	218	20
5094	CDP_DMT_WHL_EALCO_DLY_H0_TEST_WORKFLOW_BARU	237	239	20
5095	CDP_DMT_WHL_EALCO_DLY_H0_TEST_WORKFLOW_BARU	237	246	20
5096	CDP_DMT_WHL_EALCO_DLY_H0_TEST_WORKFLOW_BARU	237	243	20
5097	CDP_DMT_WHL_EALCO_DLY_H0_TEST_WORKFLOW_BARU	238	218	20
5098	CDP_DMT_WHL_EALCO_DLY_H0_TEST_WORKFLOW_BARU	238	239	20
5099	CDP_DMT_WHL_EALCO_DLY_H0_TEST_WORKFLOW_BARU	238	246	20
5100	CDP_DMT_WHL_EALCO_DLY_H0_TEST_WORKFLOW_BARU	238	243	20
5101	CDP_DMT_WHL_EALCO_DLY_H0_TEST_WORKFLOW_BARU	239	218	20
5102	CDP_DMT_WHL_EALCO_DLY_H0_TEST_WORKFLOW_BARU	239	239	20
5103	CDP_DMT_WHL_EALCO_DLY_H0_TEST_WORKFLOW_BARU	239	246	20
5104	CDP_DMT_WHL_EALCO_DLY_H0_TEST_WORKFLOW_BARU	239	243	20
5105	CDP_DMT_WHL_EALCO_DLY_H0_TEST_WORKFLOW_BARU	218	218	20
5106	CDP_DMT_WHL_EALCO_DLY_H0_TEST_WORKFLOW_BARU	218	239	20
5107	CDP_DMT_WHL_EALCO_DLY_H0_TEST_WORKFLOW_BARU	218	246	20
5108	CDP_DMT_WHL_EALCO_DLY_H0_TEST_WORKFLOW_BARU	218	243	20
5109	CDP_DMT_WHL_EALCO_DLY_H0_TEST_WORKFLOW_BARU	240	218	20
5110	CDP_DMT_WHL_EALCO_DLY_H0_TEST_WORKFLOW_BARU	240	239	20
5111	CDP_DMT_WHL_EALCO_DLY_H0_TEST_WORKFLOW_BARU	240	246	20
5112	CDP_DMT_WHL_EALCO_DLY_H0_TEST_WORKFLOW_BARU	240	243	20
5113	CDP_DMT_WHL_EALCO_DLY_H0_TEST_WORKFLOW_BARU	241	218	20
5114	CDP_DMT_WHL_EALCO_DLY_H0_TEST_WORKFLOW_BARU	241	239	20
5115	CDP_DMT_WHL_EALCO_DLY_H0_TEST_WORKFLOW_BARU	241	246	20
5116	CDP_DMT_WHL_EALCO_DLY_H0_TEST_WORKFLOW_BARU	241	243	20
5117	CDP_DMT_WHL_EALCO_DLY_H0_TEST_WORKFLOW_BARU	242	218	20
5118	CDP_DMT_WHL_EALCO_DLY_H0_TEST_WORKFLOW_BARU	242	239	20
5119	CDP_DMT_WHL_EALCO_DLY_H0_TEST_WORKFLOW_BARU	242	246	20
5120	CDP_DMT_WHL_EALCO_DLY_H0_TEST_WORKFLOW_BARU	242	243	20
5121	CDP_DMT_WHL_EALCO_DLY_H0_TEST_WORKFLOW_BARU	243	218	20
5122	CDP_DMT_WHL_EALCO_DLY_H0_TEST_WORKFLOW_BARU	243	239	20
5123	CDP_DMT_WHL_EALCO_DLY_H0_TEST_WORKFLOW_BARU	243	246	20
5124	CDP_DMT_WHL_EALCO_DLY_H0_TEST_WORKFLOW_BARU	243	243	20
5125	CDP_DMT_WHL_EALCO_DLY_H0_TEST_WORKFLOW_BARU	244	218	20
5126	CDP_DMT_WHL_EALCO_DLY_H0_TEST_WORKFLOW_BARU	244	239	20
5127	CDP_DMT_WHL_EALCO_DLY_H0_TEST_WORKFLOW_BARU	244	246	20
5128	CDP_DMT_WHL_EALCO_DLY_H0_TEST_WORKFLOW_BARU	244	243	20
5129	CDP_DMT_WHL_EALCO_DLY_H0_TEST_WORKFLOW_BARU	245	218	20
5130	CDP_DMT_WHL_EALCO_DLY_H0_TEST_WORKFLOW_BARU	245	239	20
5131	CDP_DMT_WHL_EALCO_DLY_H0_TEST_WORKFLOW_BARU	245	246	20
5132	CDP_DMT_WHL_EALCO_DLY_H0_TEST_WORKFLOW_BARU	245	243	20
5133	CDP_DMT_WHL_EALCO_DLY_H0_TEST_WORKFLOW_BARU	246	218	20
5134	CDP_DMT_WHL_EALCO_DLY_H0_TEST_WORKFLOW_BARU	246	239	20
5135	CDP_DMT_WHL_EALCO_DLY_H0_TEST_WORKFLOW_BARU	246	246	20
5136	CDP_DMT_WHL_EALCO_DLY_H0_TEST_WORKFLOW_BARU	246	243	20
5137	CDP_DMT_WHL_EALCO	220	218	21
5138	CDP_DMT_WHL_EALCO	220	239	21
5139	CDP_DMT_WHL_EALCO	220	246	21
5140	CDP_DMT_WHL_EALCO	220	243	21
5141	CDP_DMT_WHL_EALCO	221	218	21
5142	CDP_DMT_WHL_EALCO	221	239	21
5143	CDP_DMT_WHL_EALCO	221	246	21
5144	CDP_DMT_WHL_EALCO	221	243	21
5145	CDP_DMT_WHL_EALCO	222	218	21
5146	CDP_DMT_WHL_EALCO	222	239	21
5147	CDP_DMT_WHL_EALCO	222	246	21
5148	CDP_DMT_WHL_EALCO	222	243	21
5149	CDP_DMT_WHL_EALCO	223	218	21
5150	CDP_DMT_WHL_EALCO	223	239	21
5151	CDP_DMT_WHL_EALCO	223	246	21
5152	CDP_DMT_WHL_EALCO	223	243	21
5153	CDP_DMT_WHL_EALCO	2	218	21
5154	CDP_DMT_WHL_EALCO	2	239	21
5155	CDP_DMT_WHL_EALCO	2	246	21
5156	CDP_DMT_WHL_EALCO	2	243	21
5157	CDP_DMT_WHL_EALCO	24	218	21
5158	CDP_DMT_WHL_EALCO	24	239	21
5159	CDP_DMT_WHL_EALCO	24	246	21
5160	CDP_DMT_WHL_EALCO	24	243	21
5161	CDP_DMT_WHL_EALCO	35	218	21
5162	CDP_DMT_WHL_EALCO	35	239	21
5163	CDP_DMT_WHL_EALCO	35	246	21
5164	CDP_DMT_WHL_EALCO	35	243	21
5165	CDP_DMT_WHL_EALCO	224	218	21
5166	CDP_DMT_WHL_EALCO	224	239	21
5167	CDP_DMT_WHL_EALCO	224	246	21
5168	CDP_DMT_WHL_EALCO	224	243	21
5169	CDP_DMT_WHL_EALCO	225	218	21
5170	CDP_DMT_WHL_EALCO	225	239	21
5171	CDP_DMT_WHL_EALCO	225	246	21
5172	CDP_DMT_WHL_EALCO	225	243	21
5173	CDP_DMT_WHL_EALCO	226	218	21
5174	CDP_DMT_WHL_EALCO	226	239	21
5175	CDP_DMT_WHL_EALCO	226	246	21
5176	CDP_DMT_WHL_EALCO	226	243	21
5177	CDP_DMT_WHL_EALCO	227	218	21
5178	CDP_DMT_WHL_EALCO	227	239	21
5179	CDP_DMT_WHL_EALCO	227	246	21
5180	CDP_DMT_WHL_EALCO	227	243	21
5181	CDP_DMT_WHL_EALCO	228	218	21
5182	CDP_DMT_WHL_EALCO	228	239	21
5183	CDP_DMT_WHL_EALCO	228	246	21
5184	CDP_DMT_WHL_EALCO	228	243	21
5185	CDP_DMT_WHL_EALCO	229	218	21
5186	CDP_DMT_WHL_EALCO	229	239	21
5187	CDP_DMT_WHL_EALCO	229	246	21
5188	CDP_DMT_WHL_EALCO	229	243	21
5189	CDP_DMT_WHL_EALCO	230	218	21
5190	CDP_DMT_WHL_EALCO	230	239	21
5191	CDP_DMT_WHL_EALCO	230	246	21
5192	CDP_DMT_WHL_EALCO	230	243	21
5193	CDP_DMT_WHL_EALCO	231	218	21
5194	CDP_DMT_WHL_EALCO	231	239	21
5195	CDP_DMT_WHL_EALCO	231	246	21
5196	CDP_DMT_WHL_EALCO	231	243	21
5197	CDP_DMT_WHL_EALCO	232	218	21
5198	CDP_DMT_WHL_EALCO	232	239	21
5199	CDP_DMT_WHL_EALCO	232	246	21
5200	CDP_DMT_WHL_EALCO	232	243	21
5201	CDP_DMT_WHL_EALCO	233	218	21
5202	CDP_DMT_WHL_EALCO	233	239	21
5203	CDP_DMT_WHL_EALCO	233	246	21
5204	CDP_DMT_WHL_EALCO	233	243	21
5205	CDP_DMT_WHL_EALCO	234	218	21
5206	CDP_DMT_WHL_EALCO	234	239	21
5207	CDP_DMT_WHL_EALCO	234	246	21
5208	CDP_DMT_WHL_EALCO	234	243	21
5209	CDP_DMT_WHL_EALCO	235	218	21
5210	CDP_DMT_WHL_EALCO	235	239	21
5211	CDP_DMT_WHL_EALCO	235	246	21
5212	CDP_DMT_WHL_EALCO	235	243	21
5213	CDP_DMT_WHL_EALCO	236	218	21
5214	CDP_DMT_WHL_EALCO	236	239	21
5215	CDP_DMT_WHL_EALCO	236	246	21
5216	CDP_DMT_WHL_EALCO	236	243	21
5217	CDP_DMT_WHL_EALCO	237	218	21
5218	CDP_DMT_WHL_EALCO	237	239	21
5219	CDP_DMT_WHL_EALCO	237	246	21
5220	CDP_DMT_WHL_EALCO	237	243	21
5221	CDP_DMT_WHL_EALCO	238	218	21
5222	CDP_DMT_WHL_EALCO	238	239	21
5223	CDP_DMT_WHL_EALCO	238	246	21
5224	CDP_DMT_WHL_EALCO	238	243	21
5225	CDP_DMT_WHL_EALCO	239	218	21
5226	CDP_DMT_WHL_EALCO	239	239	21
5227	CDP_DMT_WHL_EALCO	239	246	21
5228	CDP_DMT_WHL_EALCO	239	243	21
5229	CDP_DMT_WHL_EALCO	218	218	21
5230	CDP_DMT_WHL_EALCO	218	239	21
5231	CDP_DMT_WHL_EALCO	218	246	21
5232	CDP_DMT_WHL_EALCO	218	243	21
5233	CDP_DMT_WHL_EALCO	240	218	21
5234	CDP_DMT_WHL_EALCO	240	239	21
5235	CDP_DMT_WHL_EALCO	240	246	21
5236	CDP_DMT_WHL_EALCO	240	243	21
5237	CDP_DMT_WHL_EALCO	241	218	21
5238	CDP_DMT_WHL_EALCO	241	239	21
5261	CDP_DMT_WHL_EALCO_DLY_H0_TEST_SENIIN	220	218	22
5262	CDP_DMT_WHL_EALCO_DLY_H0_TEST_SENIIN	220	239	22
5263	CDP_DMT_WHL_EALCO_DLY_H0_TEST_SENIIN	220	246	22
5264	CDP_DMT_WHL_EALCO_DLY_H0_TEST_SENIIN	220	243	22
5265	CDP_DMT_WHL_EALCO_DLY_H0_TEST_SENIIN	221	218	22
5266	CDP_DMT_WHL_EALCO_DLY_H0_TEST_SENIIN	221	239	22
5267	CDP_DMT_WHL_EALCO_DLY_H0_TEST_SENIIN	221	246	22
5268	CDP_DMT_WHL_EALCO_DLY_H0_TEST_SENIIN	221	243	22
5269	CDP_DMT_WHL_EALCO_DLY_H0_TEST_SENIIN	222	218	22
5270	CDP_DMT_WHL_EALCO_DLY_H0_TEST_SENIIN	222	239	22
5271	CDP_DMT_WHL_EALCO_DLY_H0_TEST_SENIIN	222	246	22
5272	CDP_DMT_WHL_EALCO_DLY_H0_TEST_SENIIN	222	243	22
5273	CDP_DMT_WHL_EALCO_DLY_H0_TEST_SENIIN	223	218	22
5274	CDP_DMT_WHL_EALCO_DLY_H0_TEST_SENIIN	223	239	22
5275	CDP_DMT_WHL_EALCO_DLY_H0_TEST_SENIIN	223	246	22
5276	CDP_DMT_WHL_EALCO_DLY_H0_TEST_SENIIN	223	243	22
5277	CDP_DMT_WHL_EALCO_DLY_H0_TEST_SENIIN	2	218	22
5278	CDP_DMT_WHL_EALCO_DLY_H0_TEST_SENIIN	2	239	22
5279	CDP_DMT_WHL_EALCO_DLY_H0_TEST_SENIIN	2	246	22
5280	CDP_DMT_WHL_EALCO_DLY_H0_TEST_SENIIN	2	243	22
5281	CDP_DMT_WHL_EALCO_DLY_H0_TEST_SENIIN	24	218	22
5282	CDP_DMT_WHL_EALCO_DLY_H0_TEST_SENIIN	24	239	22
5283	CDP_DMT_WHL_EALCO_DLY_H0_TEST_SENIIN	24	246	22
5284	CDP_DMT_WHL_EALCO_DLY_H0_TEST_SENIIN	24	243	22
5285	CDP_DMT_WHL_EALCO_DLY_H0_TEST_SENIIN	35	218	22
5286	CDP_DMT_WHL_EALCO_DLY_H0_TEST_SENIIN	35	239	22
5287	CDP_DMT_WHL_EALCO_DLY_H0_TEST_SENIIN	35	246	22
5288	CDP_DMT_WHL_EALCO_DLY_H0_TEST_SENIIN	35	243	22
5289	CDP_DMT_WHL_EALCO_DLY_H0_TEST_SENIIN	224	218	22
5290	CDP_DMT_WHL_EALCO_DLY_H0_TEST_SENIIN	224	239	22
5291	CDP_DMT_WHL_EALCO_DLY_H0_TEST_SENIIN	224	246	22
5292	CDP_DMT_WHL_EALCO_DLY_H0_TEST_SENIIN	224	243	22
5293	CDP_DMT_WHL_EALCO_DLY_H0_TEST_SENIIN	225	218	22
5294	CDP_DMT_WHL_EALCO_DLY_H0_TEST_SENIIN	225	239	22
5295	CDP_DMT_WHL_EALCO_DLY_H0_TEST_SENIIN	225	246	22
5296	CDP_DMT_WHL_EALCO_DLY_H0_TEST_SENIIN	225	243	22
5297	CDP_DMT_WHL_EALCO_DLY_H0_TEST_SENIIN	226	218	22
5298	CDP_DMT_WHL_EALCO_DLY_H0_TEST_SENIIN	226	239	22
5299	CDP_DMT_WHL_EALCO_DLY_H0_TEST_SENIIN	226	246	22
5300	CDP_DMT_WHL_EALCO_DLY_H0_TEST_SENIIN	226	243	22
5301	CDP_DMT_WHL_EALCO_DLY_H0_TEST_SENIIN	227	218	22
5302	CDP_DMT_WHL_EALCO_DLY_H0_TEST_SENIIN	227	239	22
5303	CDP_DMT_WHL_EALCO_DLY_H0_TEST_SENIIN	227	246	22
5304	CDP_DMT_WHL_EALCO_DLY_H0_TEST_SENIIN	227	243	22
5305	CDP_DMT_WHL_EALCO_DLY_H0_TEST_SENIIN	228	218	22
5306	CDP_DMT_WHL_EALCO_DLY_H0_TEST_SENIIN	228	239	22
5307	CDP_DMT_WHL_EALCO_DLY_H0_TEST_SENIIN	228	246	22
5308	CDP_DMT_WHL_EALCO_DLY_H0_TEST_SENIIN	228	243	22
5309	CDP_DMT_WHL_EALCO_DLY_H0_TEST_SENIIN	229	218	22
5310	CDP_DMT_WHL_EALCO_DLY_H0_TEST_SENIIN	229	239	22
5311	CDP_DMT_WHL_EALCO_DLY_H0_TEST_SENIIN	229	246	22
5312	CDP_DMT_WHL_EALCO_DLY_H0_TEST_SENIIN	229	243	22
5313	CDP_DMT_WHL_EALCO_DLY_H0_TEST_SENIIN	230	218	22
5314	CDP_DMT_WHL_EALCO_DLY_H0_TEST_SENIIN	230	239	22
5315	CDP_DMT_WHL_EALCO_DLY_H0_TEST_SENIIN	230	246	22
5316	CDP_DMT_WHL_EALCO_DLY_H0_TEST_SENIIN	230	243	22
5317	CDP_DMT_WHL_EALCO_DLY_H0_TEST_SENIIN	231	218	22
5318	CDP_DMT_WHL_EALCO_DLY_H0_TEST_SENIIN	231	239	22
5319	CDP_DMT_WHL_EALCO_DLY_H0_TEST_SENIIN	231	246	22
5320	CDP_DMT_WHL_EALCO_DLY_H0_TEST_SENIIN	231	243	22
5321	CDP_DMT_WHL_EALCO_DLY_H0_TEST_SENIIN	232	218	22
5322	CDP_DMT_WHL_EALCO_DLY_H0_TEST_SENIIN	232	239	22
5323	CDP_DMT_WHL_EALCO_DLY_H0_TEST_SENIIN	232	246	22
5324	CDP_DMT_WHL_EALCO_DLY_H0_TEST_SENIIN	232	243	22
5325	CDP_DMT_WHL_EALCO_DLY_H0_TEST_SENIIN	233	218	22
5326	CDP_DMT_WHL_EALCO_DLY_H0_TEST_SENIIN	233	239	22
5327	CDP_DMT_WHL_EALCO_DLY_H0_TEST_SENIIN	233	246	22
5328	CDP_DMT_WHL_EALCO_DLY_H0_TEST_SENIIN	233	243	22
5329	CDP_DMT_WHL_EALCO_DLY_H0_TEST_SENIIN	234	218	22
5330	CDP_DMT_WHL_EALCO_DLY_H0_TEST_SENIIN	234	239	22
5331	CDP_DMT_WHL_EALCO_DLY_H0_TEST_SENIIN	234	246	22
5332	CDP_DMT_WHL_EALCO_DLY_H0_TEST_SENIIN	234	243	22
5333	CDP_DMT_WHL_EALCO_DLY_H0_TEST_SENIIN	235	218	22
5334	CDP_DMT_WHL_EALCO_DLY_H0_TEST_SENIIN	235	239	22
5335	CDP_DMT_WHL_EALCO_DLY_H0_TEST_SENIIN	235	246	22
5336	CDP_DMT_WHL_EALCO_DLY_H0_TEST_SENIIN	235	243	22
5337	CDP_DMT_WHL_EALCO_DLY_H0_TEST_SENIIN	236	218	22
5338	CDP_DMT_WHL_EALCO_DLY_H0_TEST_SENIIN	236	239	22
5339	CDP_DMT_WHL_EALCO_DLY_H0_TEST_SENIIN	236	246	22
5340	CDP_DMT_WHL_EALCO_DLY_H0_TEST_SENIIN	236	243	22
5341	CDP_DMT_WHL_EALCO_DLY_H0_TEST_SENIIN	237	218	22
5342	CDP_DMT_WHL_EALCO_DLY_H0_TEST_SENIIN	237	239	22
5343	CDP_DMT_WHL_EALCO_DLY_H0_TEST_SENIIN	237	246	22
5344	CDP_DMT_WHL_EALCO_DLY_H0_TEST_SENIIN	237	243	22
5345	CDP_DMT_WHL_EALCO_DLY_H0_TEST_SENIIN	238	218	22
5346	CDP_DMT_WHL_EALCO_DLY_H0_TEST_SENIIN	238	239	22
5347	CDP_DMT_WHL_EALCO_DLY_H0_TEST_SENIIN	238	246	22
5348	CDP_DMT_WHL_EALCO_DLY_H0_TEST_SENIIN	238	243	22
5349	CDP_DMT_WHL_EALCO_DLY_H0_TEST_SENIIN	239	218	22
5350	CDP_DMT_WHL_EALCO_DLY_H0_TEST_SENIIN	239	239	22
5351	CDP_DMT_WHL_EALCO_DLY_H0_TEST_SENIIN	239	246	22
5352	CDP_DMT_WHL_EALCO_DLY_H0_TEST_SENIIN	239	243	22
5353	CDP_DMT_WHL_EALCO_DLY_H0_TEST_SENIIN	218	218	22
5354	CDP_DMT_WHL_EALCO_DLY_H0_TEST_SENIIN	218	239	22
5355	CDP_DMT_WHL_EALCO_DLY_H0_TEST_SENIIN	218	246	22
5356	CDP_DMT_WHL_EALCO_DLY_H0_TEST_SENIIN	218	243	22
5357	CDP_DMT_WHL_EALCO_DLY_H0_TEST_SENIIN	240	218	22
5358	CDP_DMT_WHL_EALCO_DLY_H0_TEST_SENIIN	240	239	22
5359	CDP_DMT_WHL_EALCO_DLY_H0_TEST_SENIIN	240	246	22
5360	CDP_DMT_WHL_EALCO_DLY_H0_TEST_SENIIN	240	243	22
5361	CDP_DMT_WHL_EALCO_DLY_H0_TEST_SENIIN	241	218	22
5362	CDP_DMT_WHL_EALCO_DLY_H0_TEST_SENIIN	241	239	22
5363	CDP_DMT_WHL_EALCO_DLY_H0_TEST_SENIIN	241	246	22
5364	CDP_DMT_WHL_EALCO_DLY_H0_TEST_SENIIN	241	243	22
5365	CDP_DMT_WHL_EALCO_DLY_H0_TEST_SENIIN	242	218	22
5366	CDP_DMT_WHL_EALCO_DLY_H0_TEST_SENIIN	242	239	22
5367	CDP_DMT_WHL_EALCO_DLY_H0_TEST_SENIIN	242	246	22
5368	CDP_DMT_WHL_EALCO_DLY_H0_TEST_SENIIN	242	243	22
5369	CDP_DMT_WHL_EALCO_DLY_H0_TEST_SENIIN	243	218	22
5370	CDP_DMT_WHL_EALCO_DLY_H0_TEST_SENIIN	243	239	22
5371	CDP_DMT_WHL_EALCO_DLY_H0_TEST_SENIIN	243	246	22
5372	CDP_DMT_WHL_EALCO_DLY_H0_TEST_SENIIN	243	243	22
5373	CDP_DMT_WHL_EALCO_DLY_H0_TEST_SENIIN	244	218	22
5374	CDP_DMT_WHL_EALCO_DLY_H0_TEST_SENIIN	244	239	22
5375	CDP_DMT_WHL_EALCO_DLY_H0_TEST_SENIIN	244	246	22
5376	CDP_DMT_WHL_EALCO_DLY_H0_TEST_SENIIN	244	243	22
5377	CDP_DMT_WHL_EALCO_DLY_H0_TEST_SENIIN	245	218	22
5378	CDP_DMT_WHL_EALCO_DLY_H0_TEST_SENIIN	245	239	22
5379	CDP_DMT_WHL_EALCO_DLY_H0_TEST_SENIIN	245	246	22
5380	CDP_DMT_WHL_EALCO_DLY_H0_TEST_SENIIN	245	243	22
5381	CDP_DMT_WHL_EALCO_DLY_H0_TEST_SENIIN	246	218	22
5382	CDP_DMT_WHL_EALCO_DLY_H0_TEST_SENIIN	246	239	22
5383	CDP_DMT_WHL_EALCO_DLY_H0_TEST_SENIIN	246	246	22
5384	CDP_DMT_WHL_EALCO_DLY_H0_TEST_SENIIN	246	243	22
5385	CDP_DMT_WHL_EALCO_DLY_H0_TEST_SENIIN	257	218	22
5386	CDP_DMT_WHL_EALCO_DLY_H0_TEST_SENIIN	257	239	22
5387	CDP_DMT_WHL_EALCO_DLY_H0_TEST_SENIIN	257	246	22
5388	CDP_DMT_WHL_EALCO_DLY_H0_TEST_SENIIN	257	243	22
5389	CDP_DMT_WHL_EALCO_DLY_H0_TEST_SENIIN	258	218	22
5390	CDP_DMT_WHL_EALCO_DLY_H0_TEST_SENIIN	258	239	22
5391	CDP_DMT_WHL_EALCO_DLY_H0_TEST_SENIIN	258	246	22
5392	CDP_DMT_WHL_EALCO_DLY_H0_TEST_SENIIN	258	243	22
5393	CDP_DMT_WHL_EALCO_DLY_H0_TEST_SENIIN	259	218	22
5394	CDP_DMT_WHL_EALCO_DLY_H0_TEST_SENIIN	259	239	22
5395	CDP_DMT_WHL_EALCO_DLY_H0_TEST_SENIIN	259	246	22
5396	CDP_DMT_WHL_EALCO_DLY_H0_TEST_SENIIN	259	243	22
5397	CDP_DMT_WHL_EALCO_DLY_H0_TEST_SENIIN	260	218	22
5398	CDP_DMT_WHL_EALCO_DLY_H0_TEST_SENIIN	260	239	22
5399	CDP_DMT_WHL_EALCO_DLY_H0_TEST_SENIIN	260	246	22
5400	CDP_DMT_WHL_EALCO_DLY_H0_TEST_SENIIN	260	243	22
5401	CDP_DMT_WHL_EALCO_DLY_H0_TEST_SENIIN	261	218	22
5402	CDP_DMT_WHL_EALCO_DLY_H0_TEST_SENIIN	261	239	22
5403	CDP_DMT_WHL_EALCO_DLY_H0_TEST_SENIIN	261	246	22
5404	CDP_DMT_WHL_EALCO_DLY_H0_TEST_SENIIN	261	243	22
5405	CDP_DMT_WHL_EALCO_DLY_H0_TEST_SENIIN	262	218	22
5406	CDP_DMT_WHL_EALCO_DLY_H0_TEST_SENIIN	262	239	22
5407	CDP_DMT_WHL_EALCO_DLY_H0_TEST_SENIIN	262	246	22
5408	CDP_DMT_WHL_EALCO_DLY_H0_TEST_SENIIN	262	243	22
5409	CDP_DMT_WHL_EALCO_DLY_H0_TEST_SENIIN	254	218	22
5410	CDP_DMT_WHL_EALCO_DLY_H0_TEST_SENIIN	254	239	22
5411	CDP_DMT_WHL_EALCO_DLY_H0_TEST_SENIIN	254	246	22
5412	CDP_DMT_WHL_EALCO_DLY_H0_TEST_SENIIN	254	243	22
5413	CDP_DMT_WHL_EALCO_DLY_H0_TEST_SENIIN	255	218	22
5414	CDP_DMT_WHL_EALCO_DLY_H0_TEST_SENIIN	255	239	22
5415	CDP_DMT_WHL_EALCO_DLY_H0_TEST_SENIIN	255	246	22
5416	CDP_DMT_WHL_EALCO_DLY_H0_TEST_SENIIN	255	243	22
5417	CDP_DMT_WHL_EALCO_DLY_H0_TEST_SENIIN	256	218	22
5418	CDP_DMT_WHL_EALCO_DLY_H0_TEST_SENIIN	256	239	22
5419	CDP_DMT_WHL_EALCO_DLY_H0_TEST_SENIIN	256	246	22
5420	CDP_DMT_WHL_EALCO_DLY_H0_TEST_SENIIN	256	243	22
5421	CDP_DMT_WHL_EALCO_DLY_H0_TEST_SENIIN	263	218	22
5422	CDP_DMT_WHL_EALCO_DLY_H0_TEST_SENIIN	263	239	22
5423	CDP_DMT_WHL_EALCO_DLY_H0_TEST_SENIIN	263	246	22
5424	CDP_DMT_WHL_EALCO_DLY_H0_TEST_SENIIN	263	243	22
5542	RDBMS_CDP_NEW_RMTOOLS_DLY_H1	511	508	23
5543	RDBMS_CDP_NEW_RMTOOLS_DLY_H1	511	509	23
5544	RDBMS_CDP_NEW_RMTOOLS_DLY_H1	511	504	23
5545	RDBMS_CDP_NEW_RMTOOLS_DLY_H1	511	510	23
5546	RDBMS_CDP_NEW_RMTOOLS_DLY_H1	511	507	23
5547	RDBMS_CDP_NEW_RMTOOLS_DLY_H1	511	436	23
5548	RDBMS_CDP_NEW_RMTOOLS_DLY_H1	511	437	23
5549	RDBMS_CDP_NEW_RMTOOLS_DLY_H1	511	438	23
5550	RDBMS_CDP_NEW_RMTOOLS_DLY_H1	511	506	23
5551	RDBMS_CDP_NEW_RMTOOLS_DLY_H1	511	440	23
5552	RDBMS_CDP_NEW_RMTOOLS_DLY_H1	511	505	23
5553	RDBMS_CDP_NEW_RMTOOLS_DLY_H1	511	501	23
5554	RDBMS_CDP_NEW_RMTOOLS_DLY_H1	511	502	23
5555	RDBMS_CDP_NEW_RMTOOLS_DLY_H1	511	503	23
5556	RDBMS_CDP_NEW_RMTOOLS_DLY_H1	111	508	23
5557	RDBMS_CDP_NEW_RMTOOLS_DLY_H1	111	509	23
5558	RDBMS_CDP_NEW_RMTOOLS_DLY_H1	111	504	23
5559	RDBMS_CDP_NEW_RMTOOLS_DLY_H1	111	510	23
5560	RDBMS_CDP_NEW_RMTOOLS_DLY_H1	111	507	23
5561	RDBMS_CDP_NEW_RMTOOLS_DLY_H1	111	436	23
5562	RDBMS_CDP_NEW_RMTOOLS_DLY_H1	111	437	23
5563	RDBMS_CDP_NEW_RMTOOLS_DLY_H1	111	438	23
5564	RDBMS_CDP_NEW_RMTOOLS_DLY_H1	111	506	23
5565	RDBMS_CDP_NEW_RMTOOLS_DLY_H1	111	440	23
5566	RDBMS_CDP_NEW_RMTOOLS_DLY_H1	111	505	23
5567	RDBMS_CDP_NEW_RMTOOLS_DLY_H1	111	501	23
5568	RDBMS_CDP_NEW_RMTOOLS_DLY_H1	111	502	23
5569	RDBMS_CDP_NEW_RMTOOLS_DLY_H1	111	503	23
5570	RDBMS_CDP_NEW_RMTOOLS_DLY_H1	117	508	23
5571	RDBMS_CDP_NEW_RMTOOLS_DLY_H1	117	509	23
5572	RDBMS_CDP_NEW_RMTOOLS_DLY_H1	117	504	23
5573	RDBMS_CDP_NEW_RMTOOLS_DLY_H1	117	510	23
5574	RDBMS_CDP_NEW_RMTOOLS_DLY_H1	117	507	23
5575	RDBMS_CDP_NEW_RMTOOLS_DLY_H1	117	436	23
5576	RDBMS_CDP_NEW_RMTOOLS_DLY_H1	117	437	23
5577	RDBMS_CDP_NEW_RMTOOLS_DLY_H1	117	438	23
5578	RDBMS_CDP_NEW_RMTOOLS_DLY_H1	117	506	23
5579	RDBMS_CDP_NEW_RMTOOLS_DLY_H1	117	440	23
5580	RDBMS_CDP_NEW_RMTOOLS_DLY_H1	117	505	23
5581	RDBMS_CDP_NEW_RMTOOLS_DLY_H1	117	501	23
5582	RDBMS_CDP_NEW_RMTOOLS_DLY_H1	117	502	23
5583	RDBMS_CDP_NEW_RMTOOLS_DLY_H1	117	503	23
5584	RDBMS_CDP_NEW_RMTOOLS_DLY_H1	512	508	23
5585	RDBMS_CDP_NEW_RMTOOLS_DLY_H1	512	509	23
5586	RDBMS_CDP_NEW_RMTOOLS_DLY_H1	512	504	23
5587	RDBMS_CDP_NEW_RMTOOLS_DLY_H1	512	510	23
5588	RDBMS_CDP_NEW_RMTOOLS_DLY_H1	512	507	23
5589	RDBMS_CDP_NEW_RMTOOLS_DLY_H1	512	436	23
5590	RDBMS_CDP_NEW_RMTOOLS_DLY_H1	512	437	23
5591	RDBMS_CDP_NEW_RMTOOLS_DLY_H1	512	438	23
5592	RDBMS_CDP_NEW_RMTOOLS_DLY_H1	512	506	23
5593	RDBMS_CDP_NEW_RMTOOLS_DLY_H1	512	440	23
5594	RDBMS_CDP_NEW_RMTOOLS_DLY_H1	512	505	23
5595	RDBMS_CDP_NEW_RMTOOLS_DLY_H1	512	501	23
5596	RDBMS_CDP_NEW_RMTOOLS_DLY_H1	512	502	23
5597	RDBMS_CDP_NEW_RMTOOLS_DLY_H1	512	503	23
5598	RDBMS_CDP_NEW_RMTOOLS_DLY_H1	513	508	23
5599	RDBMS_CDP_NEW_RMTOOLS_DLY_H1	513	509	23
5600	RDBMS_CDP_NEW_RMTOOLS_DLY_H1	513	504	23
5601	RDBMS_CDP_NEW_RMTOOLS_DLY_H1	513	510	23
5602	RDBMS_CDP_NEW_RMTOOLS_DLY_H1	513	507	23
5603	RDBMS_CDP_NEW_RMTOOLS_DLY_H1	513	436	23
5604	RDBMS_CDP_NEW_RMTOOLS_DLY_H1	513	437	23
5605	RDBMS_CDP_NEW_RMTOOLS_DLY_H1	513	438	23
5606	RDBMS_CDP_NEW_RMTOOLS_DLY_H1	513	506	23
5607	RDBMS_CDP_NEW_RMTOOLS_DLY_H1	513	440	23
5608	RDBMS_CDP_NEW_RMTOOLS_DLY_H1	513	505	23
5609	RDBMS_CDP_NEW_RMTOOLS_DLY_H1	513	501	23
5610	RDBMS_CDP_NEW_RMTOOLS_DLY_H1	513	502	23
5611	RDBMS_CDP_NEW_RMTOOLS_DLY_H1	513	503	23
5612	RDBMS_CDP_NEW_RMTOOLS_DLY_H1	514	508	23
5613	RDBMS_CDP_NEW_RMTOOLS_DLY_H1	514	509	23
5614	RDBMS_CDP_NEW_RMTOOLS_DLY_H1	514	504	23
5615	RDBMS_CDP_NEW_RMTOOLS_DLY_H1	514	510	23
5616	RDBMS_CDP_NEW_RMTOOLS_DLY_H1	514	507	23
5617	RDBMS_CDP_NEW_RMTOOLS_DLY_H1	514	436	23
5618	RDBMS_CDP_NEW_RMTOOLS_DLY_H1	514	437	23
5619	RDBMS_CDP_NEW_RMTOOLS_DLY_H1	514	438	23
5620	RDBMS_CDP_NEW_RMTOOLS_DLY_H1	514	506	23
5621	RDBMS_CDP_NEW_RMTOOLS_DLY_H1	514	440	23
5622	RDBMS_CDP_NEW_RMTOOLS_DLY_H1	514	505	23
5623	RDBMS_CDP_NEW_RMTOOLS_DLY_H1	514	501	23
5624	RDBMS_CDP_NEW_RMTOOLS_DLY_H1	514	502	23
5625	RDBMS_CDP_NEW_RMTOOLS_DLY_H1	514	503	23
5626	RDBMS_CDP_NEW_RMTOOLS_DLY_H1	515	508	23
5627	RDBMS_CDP_NEW_RMTOOLS_DLY_H1	515	509	23
5628	RDBMS_CDP_NEW_RMTOOLS_DLY_H1	515	504	23
5629	RDBMS_CDP_NEW_RMTOOLS_DLY_H1	515	510	23
5630	RDBMS_CDP_NEW_RMTOOLS_DLY_H1	515	507	23
5631	RDBMS_CDP_NEW_RMTOOLS_DLY_H1	515	436	23
5632	RDBMS_CDP_NEW_RMTOOLS_DLY_H1	515	437	23
5633	RDBMS_CDP_NEW_RMTOOLS_DLY_H1	515	438	23
5634	RDBMS_CDP_NEW_RMTOOLS_DLY_H1	515	506	23
5635	RDBMS_CDP_NEW_RMTOOLS_DLY_H1	515	440	23
5636	RDBMS_CDP_NEW_RMTOOLS_DLY_H1	515	505	23
5637	RDBMS_CDP_NEW_RMTOOLS_DLY_H1	515	501	23
5638	RDBMS_CDP_NEW_RMTOOLS_DLY_H1	515	502	23
5639	RDBMS_CDP_NEW_RMTOOLS_DLY_H1	515	503	23
5640	RDBMS_CDP_NEW_RMTOOLS_DLY_H1	516	508	23
5641	RDBMS_CDP_NEW_RMTOOLS_DLY_H1	516	509	23
5642	RDBMS_CDP_NEW_RMTOOLS_DLY_H1	516	504	23
5643	RDBMS_CDP_NEW_RMTOOLS_DLY_H1	516	510	23
5644	RDBMS_CDP_NEW_RMTOOLS_DLY_H1	516	507	23
5645	RDBMS_CDP_NEW_RMTOOLS_DLY_H1	516	436	23
5646	RDBMS_CDP_NEW_RMTOOLS_DLY_H1	516	437	23
5647	RDBMS_CDP_NEW_RMTOOLS_DLY_H1	516	438	23
5648	RDBMS_CDP_NEW_RMTOOLS_DLY_H1	516	506	23
5649	RDBMS_CDP_NEW_RMTOOLS_DLY_H1	516	440	23
5650	RDBMS_CDP_NEW_RMTOOLS_DLY_H1	516	505	23
5651	RDBMS_CDP_NEW_RMTOOLS_DLY_H1	516	501	23
5652	RDBMS_CDP_NEW_RMTOOLS_DLY_H1	516	502	23
5653	RDBMS_CDP_NEW_RMTOOLS_DLY_H1	516	503	23
5654	RDBMS_CDP_NEW_RMTOOLS_DLY_H1	517	508	23
5655	RDBMS_CDP_NEW_RMTOOLS_DLY_H1	517	509	23
5656	RDBMS_CDP_NEW_RMTOOLS_DLY_H1	517	504	23
5657	RDBMS_CDP_NEW_RMTOOLS_DLY_H1	517	510	23
5658	RDBMS_CDP_NEW_RMTOOLS_DLY_H1	517	507	23
5659	RDBMS_CDP_NEW_RMTOOLS_DLY_H1	517	436	23
5660	RDBMS_CDP_NEW_RMTOOLS_DLY_H1	517	437	23
5661	RDBMS_CDP_NEW_RMTOOLS_DLY_H1	517	438	23
5662	RDBMS_CDP_NEW_RMTOOLS_DLY_H1	517	506	23
5663	RDBMS_CDP_NEW_RMTOOLS_DLY_H1	517	440	23
5664	RDBMS_CDP_NEW_RMTOOLS_DLY_H1	517	505	23
5665	RDBMS_CDP_NEW_RMTOOLS_DLY_H1	517	501	23
5666	RDBMS_CDP_NEW_RMTOOLS_DLY_H1	517	502	23
5667	RDBMS_CDP_NEW_RMTOOLS_DLY_H1	517	503	23
5668	RDBMS_CDP_NEW_RMTOOLS_DLY_H1	518	508	23
5669	RDBMS_CDP_NEW_RMTOOLS_DLY_H1	518	509	23
5670	RDBMS_CDP_NEW_RMTOOLS_DLY_H1	518	504	23
5671	RDBMS_CDP_NEW_RMTOOLS_DLY_H1	518	510	23
5672	RDBMS_CDP_NEW_RMTOOLS_DLY_H1	518	507	23
5673	RDBMS_CDP_NEW_RMTOOLS_DLY_H1	518	436	23
5674	RDBMS_CDP_NEW_RMTOOLS_DLY_H1	518	437	23
5675	RDBMS_CDP_NEW_RMTOOLS_DLY_H1	518	438	23
5676	RDBMS_CDP_NEW_RMTOOLS_DLY_H1	518	506	23
5677	RDBMS_CDP_NEW_RMTOOLS_DLY_H1	518	440	23
5678	RDBMS_CDP_NEW_RMTOOLS_DLY_H1	518	505	23
5679	RDBMS_CDP_NEW_RMTOOLS_DLY_H1	518	501	23
5680	RDBMS_CDP_NEW_RMTOOLS_DLY_H1	518	502	23
5681	RDBMS_CDP_NEW_RMTOOLS_DLY_H1	518	503	23
5682	RDBMS_CDP_NEW_RMTOOLS_DLY_H1	519	508	23
5683	RDBMS_CDP_NEW_RMTOOLS_DLY_H1	519	509	23
5684	RDBMS_CDP_NEW_RMTOOLS_DLY_H1	519	504	23
5685	RDBMS_CDP_NEW_RMTOOLS_DLY_H1	519	510	23
5686	RDBMS_CDP_NEW_RMTOOLS_DLY_H1	519	507	23
5687	RDBMS_CDP_NEW_RMTOOLS_DLY_H1	519	436	23
5688	RDBMS_CDP_NEW_RMTOOLS_DLY_H1	519	437	23
5689	RDBMS_CDP_NEW_RMTOOLS_DLY_H1	519	438	23
5690	RDBMS_CDP_NEW_RMTOOLS_DLY_H1	519	506	23
5691	RDBMS_CDP_NEW_RMTOOLS_DLY_H1	519	440	23
5692	RDBMS_CDP_NEW_RMTOOLS_DLY_H1	519	505	23
5693	RDBMS_CDP_NEW_RMTOOLS_DLY_H1	519	501	23
5694	RDBMS_CDP_NEW_RMTOOLS_DLY_H1	519	502	23
5695	RDBMS_CDP_NEW_RMTOOLS_DLY_H1	519	503	23
5696	RDBMS_CDP_NEW_RMTOOLS_DLY_H1	520	508	23
5697	RDBMS_CDP_NEW_RMTOOLS_DLY_H1	520	509	23
5698	RDBMS_CDP_NEW_RMTOOLS_DLY_H1	520	504	23
5699	RDBMS_CDP_NEW_RMTOOLS_DLY_H1	520	510	23
5700	RDBMS_CDP_NEW_RMTOOLS_DLY_H1	520	507	23
5701	RDBMS_CDP_NEW_RMTOOLS_DLY_H1	520	436	23
5702	RDBMS_CDP_NEW_RMTOOLS_DLY_H1	520	437	23
5703	RDBMS_CDP_NEW_RMTOOLS_DLY_H1	520	438	23
5704	RDBMS_CDP_NEW_RMTOOLS_DLY_H1	520	506	23
5705	RDBMS_CDP_NEW_RMTOOLS_DLY_H1	520	440	23
5706	RDBMS_CDP_NEW_RMTOOLS_DLY_H1	520	505	23
5707	RDBMS_CDP_NEW_RMTOOLS_DLY_H1	520	501	23
5708	RDBMS_CDP_NEW_RMTOOLS_DLY_H1	520	502	23
5709	RDBMS_CDP_NEW_RMTOOLS_DLY_H1	520	503	23
5710	RDBMS_CDP_NEW_RMTOOLS_DLY_H1	2	508	23
5711	RDBMS_CDP_NEW_RMTOOLS_DLY_H1	2	509	23
5712	RDBMS_CDP_NEW_RMTOOLS_DLY_H1	2	504	23
5713	RDBMS_CDP_NEW_RMTOOLS_DLY_H1	2	510	23
5714	RDBMS_CDP_NEW_RMTOOLS_DLY_H1	2	507	23
5715	RDBMS_CDP_NEW_RMTOOLS_DLY_H1	2	436	23
5716	RDBMS_CDP_NEW_RMTOOLS_DLY_H1	2	437	23
5717	RDBMS_CDP_NEW_RMTOOLS_DLY_H1	2	438	23
5718	RDBMS_CDP_NEW_RMTOOLS_DLY_H1	2	506	23
5719	RDBMS_CDP_NEW_RMTOOLS_DLY_H1	2	440	23
5720	RDBMS_CDP_NEW_RMTOOLS_DLY_H1	2	505	23
5721	RDBMS_CDP_NEW_RMTOOLS_DLY_H1	2	501	23
5722	RDBMS_CDP_NEW_RMTOOLS_DLY_H1	2	502	23
5723	RDBMS_CDP_NEW_RMTOOLS_DLY_H1	2	503	23
5724	RDBMS_CDP_NEW_RMTOOLS_DLY_H1	521	508	23
5725	RDBMS_CDP_NEW_RMTOOLS_DLY_H1	521	509	23
5726	RDBMS_CDP_NEW_RMTOOLS_DLY_H1	521	504	23
5727	RDBMS_CDP_NEW_RMTOOLS_DLY_H1	521	510	23
5728	RDBMS_CDP_NEW_RMTOOLS_DLY_H1	521	507	23
5729	RDBMS_CDP_NEW_RMTOOLS_DLY_H1	521	436	23
5730	RDBMS_CDP_NEW_RMTOOLS_DLY_H1	521	437	23
5731	RDBMS_CDP_NEW_RMTOOLS_DLY_H1	521	438	23
5732	RDBMS_CDP_NEW_RMTOOLS_DLY_H1	521	506	23
5733	RDBMS_CDP_NEW_RMTOOLS_DLY_H1	521	440	23
5734	RDBMS_CDP_NEW_RMTOOLS_DLY_H1	521	505	23
5735	RDBMS_CDP_NEW_RMTOOLS_DLY_H1	521	501	23
5736	RDBMS_CDP_NEW_RMTOOLS_DLY_H1	521	502	23
5737	RDBMS_CDP_NEW_RMTOOLS_DLY_H1	521	503	23
5738	RDBMS_CDP_NEW_RMTOOLS_DLY_H1	522	508	23
5739	RDBMS_CDP_NEW_RMTOOLS_DLY_H1	522	509	23
5740	RDBMS_CDP_NEW_RMTOOLS_DLY_H1	522	504	23
5741	RDBMS_CDP_NEW_RMTOOLS_DLY_H1	522	510	23
5742	RDBMS_CDP_NEW_RMTOOLS_DLY_H1	522	507	23
5743	RDBMS_CDP_NEW_RMTOOLS_DLY_H1	522	436	23
5744	RDBMS_CDP_NEW_RMTOOLS_DLY_H1	522	437	23
5745	RDBMS_CDP_NEW_RMTOOLS_DLY_H1	522	438	23
5746	RDBMS_CDP_NEW_RMTOOLS_DLY_H1	522	506	23
5747	RDBMS_CDP_NEW_RMTOOLS_DLY_H1	522	440	23
5748	RDBMS_CDP_NEW_RMTOOLS_DLY_H1	522	505	23
5749	RDBMS_CDP_NEW_RMTOOLS_DLY_H1	522	501	23
5750	RDBMS_CDP_NEW_RMTOOLS_DLY_H1	522	502	23
5751	RDBMS_CDP_NEW_RMTOOLS_DLY_H1	522	503	23
5752	RDBMS_CDP_NEW_RMTOOLS_DLY_H1	523	508	23
5753	RDBMS_CDP_NEW_RMTOOLS_DLY_H1	523	509	23
5754	RDBMS_CDP_NEW_RMTOOLS_DLY_H1	523	504	23
5755	RDBMS_CDP_NEW_RMTOOLS_DLY_H1	523	510	23
5756	RDBMS_CDP_NEW_RMTOOLS_DLY_H1	523	507	23
5757	RDBMS_CDP_NEW_RMTOOLS_DLY_H1	523	436	23
5758	RDBMS_CDP_NEW_RMTOOLS_DLY_H1	523	437	23
5759	RDBMS_CDP_NEW_RMTOOLS_DLY_H1	523	438	23
5760	RDBMS_CDP_NEW_RMTOOLS_DLY_H1	523	506	23
5761	RDBMS_CDP_NEW_RMTOOLS_DLY_H1	523	440	23
5762	RDBMS_CDP_NEW_RMTOOLS_DLY_H1	523	505	23
5763	RDBMS_CDP_NEW_RMTOOLS_DLY_H1	523	501	23
5764	RDBMS_CDP_NEW_RMTOOLS_DLY_H1	523	502	23
5765	RDBMS_CDP_NEW_RMTOOLS_DLY_H1	523	503	23
5766	RDBMS_CDP_NEW_RMTOOLS_DLY_H1	524	508	23
5767	RDBMS_CDP_NEW_RMTOOLS_DLY_H1	524	509	23
5768	RDBMS_CDP_NEW_RMTOOLS_DLY_H1	524	504	23
5769	RDBMS_CDP_NEW_RMTOOLS_DLY_H1	524	510	23
5770	RDBMS_CDP_NEW_RMTOOLS_DLY_H1	524	507	23
5771	RDBMS_CDP_NEW_RMTOOLS_DLY_H1	524	436	23
5772	RDBMS_CDP_NEW_RMTOOLS_DLY_H1	524	437	23
5773	RDBMS_CDP_NEW_RMTOOLS_DLY_H1	524	438	23
5774	RDBMS_CDP_NEW_RMTOOLS_DLY_H1	524	506	23
5775	RDBMS_CDP_NEW_RMTOOLS_DLY_H1	524	440	23
5776	RDBMS_CDP_NEW_RMTOOLS_DLY_H1	524	505	23
5777	RDBMS_CDP_NEW_RMTOOLS_DLY_H1	524	501	23
5778	RDBMS_CDP_NEW_RMTOOLS_DLY_H1	524	502	23
5779	RDBMS_CDP_NEW_RMTOOLS_DLY_H1	524	503	23
5780	RDBMS_CDP_NEW_RMTOOLS_DLY_H1	505	508	23
5781	RDBMS_CDP_NEW_RMTOOLS_DLY_H1	505	509	23
5782	RDBMS_CDP_NEW_RMTOOLS_DLY_H1	505	504	23
5783	RDBMS_CDP_NEW_RMTOOLS_DLY_H1	505	510	23
5784	RDBMS_CDP_NEW_RMTOOLS_DLY_H1	505	507	23
5785	RDBMS_CDP_NEW_RMTOOLS_DLY_H1	505	436	23
5786	RDBMS_CDP_NEW_RMTOOLS_DLY_H1	505	437	23
5787	RDBMS_CDP_NEW_RMTOOLS_DLY_H1	505	438	23
5788	RDBMS_CDP_NEW_RMTOOLS_DLY_H1	505	506	23
5789	RDBMS_CDP_NEW_RMTOOLS_DLY_H1	505	440	23
5790	RDBMS_CDP_NEW_RMTOOLS_DLY_H1	505	505	23
5791	RDBMS_CDP_NEW_RMTOOLS_DLY_H1	505	501	23
5792	RDBMS_CDP_NEW_RMTOOLS_DLY_H1	505	502	23
5793	RDBMS_CDP_NEW_RMTOOLS_DLY_H1	505	503	23
5794	RDBMS_CDP_NEW_RMTOOLS_DLY_H1	525	508	23
5795	RDBMS_CDP_NEW_RMTOOLS_DLY_H1	525	509	23
5796	RDBMS_CDP_NEW_RMTOOLS_DLY_H1	525	504	23
5797	RDBMS_CDP_NEW_RMTOOLS_DLY_H1	525	510	23
5798	RDBMS_CDP_NEW_RMTOOLS_DLY_H1	525	507	23
5799	RDBMS_CDP_NEW_RMTOOLS_DLY_H1	525	436	23
5800	RDBMS_CDP_NEW_RMTOOLS_DLY_H1	525	437	23
5801	RDBMS_CDP_NEW_RMTOOLS_DLY_H1	525	438	23
5802	RDBMS_CDP_NEW_RMTOOLS_DLY_H1	525	506	23
5803	RDBMS_CDP_NEW_RMTOOLS_DLY_H1	525	440	23
5804	RDBMS_CDP_NEW_RMTOOLS_DLY_H1	525	505	23
5805	RDBMS_CDP_NEW_RMTOOLS_DLY_H1	525	501	23
5806	RDBMS_CDP_NEW_RMTOOLS_DLY_H1	525	502	23
5807	RDBMS_CDP_NEW_RMTOOLS_DLY_H1	525	503	23
5808	RDBMS_CDP_NEW_RMTOOLS_DLY_H1	508	508	23
5809	RDBMS_CDP_NEW_RMTOOLS_DLY_H1	508	509	23
5810	RDBMS_CDP_NEW_RMTOOLS_DLY_H1	508	504	23
5811	RDBMS_CDP_NEW_RMTOOLS_DLY_H1	508	510	23
5812	RDBMS_CDP_NEW_RMTOOLS_DLY_H1	508	507	23
5813	RDBMS_CDP_NEW_RMTOOLS_DLY_H1	508	436	23
5814	RDBMS_CDP_NEW_RMTOOLS_DLY_H1	508	437	23
5815	RDBMS_CDP_NEW_RMTOOLS_DLY_H1	508	438	23
5816	RDBMS_CDP_NEW_RMTOOLS_DLY_H1	508	506	23
5817	RDBMS_CDP_NEW_RMTOOLS_DLY_H1	508	440	23
5818	RDBMS_CDP_NEW_RMTOOLS_DLY_H1	508	505	23
5819	RDBMS_CDP_NEW_RMTOOLS_DLY_H1	508	501	23
5820	RDBMS_CDP_NEW_RMTOOLS_DLY_H1	508	502	23
5821	RDBMS_CDP_NEW_RMTOOLS_DLY_H1	508	503	23
5822	RDBMS_CDP_NEW_RMTOOLS_DLY_H1	526	508	23
5823	RDBMS_CDP_NEW_RMTOOLS_DLY_H1	526	509	23
5824	RDBMS_CDP_NEW_RMTOOLS_DLY_H1	526	504	23
5825	RDBMS_CDP_NEW_RMTOOLS_DLY_H1	526	510	23
5826	RDBMS_CDP_NEW_RMTOOLS_DLY_H1	526	507	23
5827	RDBMS_CDP_NEW_RMTOOLS_DLY_H1	526	436	23
5828	RDBMS_CDP_NEW_RMTOOLS_DLY_H1	526	437	23
5829	RDBMS_CDP_NEW_RMTOOLS_DLY_H1	526	438	23
5830	RDBMS_CDP_NEW_RMTOOLS_DLY_H1	526	506	23
5831	RDBMS_CDP_NEW_RMTOOLS_DLY_H1	526	440	23
5832	RDBMS_CDP_NEW_RMTOOLS_DLY_H1	526	505	23
5833	RDBMS_CDP_NEW_RMTOOLS_DLY_H1	526	501	23
5834	RDBMS_CDP_NEW_RMTOOLS_DLY_H1	526	502	23
5835	RDBMS_CDP_NEW_RMTOOLS_DLY_H1	526	503	23
5836	RDBMS_CDP_NEW_RMTOOLS_DLY_H1	527	508	23
5837	RDBMS_CDP_NEW_RMTOOLS_DLY_H1	527	509	23
5838	RDBMS_CDP_NEW_RMTOOLS_DLY_H1	527	504	23
5839	RDBMS_CDP_NEW_RMTOOLS_DLY_H1	527	510	23
5840	RDBMS_CDP_NEW_RMTOOLS_DLY_H1	527	507	23
5841	RDBMS_CDP_NEW_RMTOOLS_DLY_H1	527	436	23
5842	RDBMS_CDP_NEW_RMTOOLS_DLY_H1	527	437	23
5843	RDBMS_CDP_NEW_RMTOOLS_DLY_H1	527	438	23
5844	RDBMS_CDP_NEW_RMTOOLS_DLY_H1	527	506	23
5845	RDBMS_CDP_NEW_RMTOOLS_DLY_H1	527	440	23
5846	RDBMS_CDP_NEW_RMTOOLS_DLY_H1	527	505	23
5847	RDBMS_CDP_NEW_RMTOOLS_DLY_H1	527	501	23
5848	RDBMS_CDP_NEW_RMTOOLS_DLY_H1	527	502	23
5849	RDBMS_CDP_NEW_RMTOOLS_DLY_H1	527	503	23
5850	RDBMS_CDP_NEW_RMTOOLS_DLY_H1	528	508	23
5851	RDBMS_CDP_NEW_RMTOOLS_DLY_H1	528	509	23
5852	RDBMS_CDP_NEW_RMTOOLS_DLY_H1	528	504	23
5853	RDBMS_CDP_NEW_RMTOOLS_DLY_H1	528	510	23
5854	RDBMS_CDP_NEW_RMTOOLS_DLY_H1	528	507	23
5855	RDBMS_CDP_NEW_RMTOOLS_DLY_H1	528	436	23
5856	RDBMS_CDP_NEW_RMTOOLS_DLY_H1	528	437	23
5857	RDBMS_CDP_NEW_RMTOOLS_DLY_H1	528	438	23
5858	RDBMS_CDP_NEW_RMTOOLS_DLY_H1	528	506	23
5859	RDBMS_CDP_NEW_RMTOOLS_DLY_H1	528	440	23
5860	RDBMS_CDP_NEW_RMTOOLS_DLY_H1	528	505	23
5861	RDBMS_CDP_NEW_RMTOOLS_DLY_H1	528	501	23
5862	RDBMS_CDP_NEW_RMTOOLS_DLY_H1	528	502	23
5863	RDBMS_CDP_NEW_RMTOOLS_DLY_H1	528	503	23
5864	RDBMS_CDP_NEW_RMTOOLS_DLY_H1	34	508	23
5865	RDBMS_CDP_NEW_RMTOOLS_DLY_H1	34	509	23
5866	RDBMS_CDP_NEW_RMTOOLS_DLY_H1	34	504	23
5867	RDBMS_CDP_NEW_RMTOOLS_DLY_H1	34	510	23
5868	RDBMS_CDP_NEW_RMTOOLS_DLY_H1	34	507	23
5869	RDBMS_CDP_NEW_RMTOOLS_DLY_H1	34	436	23
5870	RDBMS_CDP_NEW_RMTOOLS_DLY_H1	34	437	23
5871	RDBMS_CDP_NEW_RMTOOLS_DLY_H1	34	438	23
5872	RDBMS_CDP_NEW_RMTOOLS_DLY_H1	34	506	23
5873	RDBMS_CDP_NEW_RMTOOLS_DLY_H1	34	440	23
5874	RDBMS_CDP_NEW_RMTOOLS_DLY_H1	34	505	23
5875	RDBMS_CDP_NEW_RMTOOLS_DLY_H1	34	501	23
5876	RDBMS_CDP_NEW_RMTOOLS_DLY_H1	34	502	23
5877	RDBMS_CDP_NEW_RMTOOLS_DLY_H1	34	503	23
5878	RDBMS_CDP_NEW_RMTOOLS_DLY_H1	529	508	23
5879	RDBMS_CDP_NEW_RMTOOLS_DLY_H1	529	509	23
5880	RDBMS_CDP_NEW_RMTOOLS_DLY_H1	529	504	23
5881	RDBMS_CDP_NEW_RMTOOLS_DLY_H1	529	510	23
5882	RDBMS_CDP_NEW_RMTOOLS_DLY_H1	529	507	23
5883	RDBMS_CDP_NEW_RMTOOLS_DLY_H1	529	436	23
5884	RDBMS_CDP_NEW_RMTOOLS_DLY_H1	529	437	23
5885	RDBMS_CDP_NEW_RMTOOLS_DLY_H1	529	438	23
5886	RDBMS_CDP_NEW_RMTOOLS_DLY_H1	529	506	23
5887	RDBMS_CDP_NEW_RMTOOLS_DLY_H1	529	440	23
5888	RDBMS_CDP_NEW_RMTOOLS_DLY_H1	529	505	23
5889	RDBMS_CDP_NEW_RMTOOLS_DLY_H1	529	501	23
5890	RDBMS_CDP_NEW_RMTOOLS_DLY_H1	529	502	23
5891	RDBMS_CDP_NEW_RMTOOLS_DLY_H1	529	503	23
5892	RDBMS_CDP_NEW_RMTOOLS_DLY_H1	509	508	23
5893	RDBMS_CDP_NEW_RMTOOLS_DLY_H1	509	509	23
5894	RDBMS_CDP_NEW_RMTOOLS_DLY_H1	509	504	23
5895	RDBMS_CDP_NEW_RMTOOLS_DLY_H1	509	510	23
5896	RDBMS_CDP_NEW_RMTOOLS_DLY_H1	509	507	23
5897	RDBMS_CDP_NEW_RMTOOLS_DLY_H1	509	436	23
5898	RDBMS_CDP_NEW_RMTOOLS_DLY_H1	509	437	23
5899	RDBMS_CDP_NEW_RMTOOLS_DLY_H1	509	438	23
5900	RDBMS_CDP_NEW_RMTOOLS_DLY_H1	509	506	23
5901	RDBMS_CDP_NEW_RMTOOLS_DLY_H1	509	440	23
5902	RDBMS_CDP_NEW_RMTOOLS_DLY_H1	509	505	23
5903	RDBMS_CDP_NEW_RMTOOLS_DLY_H1	509	501	23
5904	RDBMS_CDP_NEW_RMTOOLS_DLY_H1	509	502	23
5905	RDBMS_CDP_NEW_RMTOOLS_DLY_H1	509	503	23
5906	RDBMS_CDP_NEW_RMTOOLS_DLY_H1	530	508	23
5907	RDBMS_CDP_NEW_RMTOOLS_DLY_H1	530	509	23
5908	RDBMS_CDP_NEW_RMTOOLS_DLY_H1	530	504	23
5909	RDBMS_CDP_NEW_RMTOOLS_DLY_H1	530	510	23
5910	RDBMS_CDP_NEW_RMTOOLS_DLY_H1	530	507	23
5911	RDBMS_CDP_NEW_RMTOOLS_DLY_H1	530	436	23
5912	RDBMS_CDP_NEW_RMTOOLS_DLY_H1	530	437	23
5913	RDBMS_CDP_NEW_RMTOOLS_DLY_H1	530	438	23
5914	RDBMS_CDP_NEW_RMTOOLS_DLY_H1	530	506	23
5915	RDBMS_CDP_NEW_RMTOOLS_DLY_H1	530	440	23
5916	RDBMS_CDP_NEW_RMTOOLS_DLY_H1	530	505	23
5917	RDBMS_CDP_NEW_RMTOOLS_DLY_H1	530	501	23
5918	RDBMS_CDP_NEW_RMTOOLS_DLY_H1	530	502	23
5919	RDBMS_CDP_NEW_RMTOOLS_DLY_H1	530	503	23
5920	RDBMS_CDP_NEW_RMTOOLS_DLY_H1	39	508	23
5921	RDBMS_CDP_NEW_RMTOOLS_DLY_H1	39	509	23
5922	RDBMS_CDP_NEW_RMTOOLS_DLY_H1	39	504	23
5923	RDBMS_CDP_NEW_RMTOOLS_DLY_H1	39	510	23
5924	RDBMS_CDP_NEW_RMTOOLS_DLY_H1	39	507	23
5925	RDBMS_CDP_NEW_RMTOOLS_DLY_H1	39	436	23
5926	RDBMS_CDP_NEW_RMTOOLS_DLY_H1	39	437	23
5927	RDBMS_CDP_NEW_RMTOOLS_DLY_H1	39	438	23
5928	RDBMS_CDP_NEW_RMTOOLS_DLY_H1	39	506	23
5929	RDBMS_CDP_NEW_RMTOOLS_DLY_H1	39	440	23
5930	RDBMS_CDP_NEW_RMTOOLS_DLY_H1	39	505	23
5931	RDBMS_CDP_NEW_RMTOOLS_DLY_H1	39	501	23
5932	RDBMS_CDP_NEW_RMTOOLS_DLY_H1	39	502	23
5933	RDBMS_CDP_NEW_RMTOOLS_DLY_H1	39	503	23
5934	RDBMS_CDP_NEW_RMTOOLS_DLY_H1	24	508	23
5935	RDBMS_CDP_NEW_RMTOOLS_DLY_H1	24	509	23
5936	RDBMS_CDP_NEW_RMTOOLS_DLY_H1	24	504	23
5937	RDBMS_CDP_NEW_RMTOOLS_DLY_H1	24	510	23
5938	RDBMS_CDP_NEW_RMTOOLS_DLY_H1	24	507	23
5939	RDBMS_CDP_NEW_RMTOOLS_DLY_H1	24	436	23
5940	RDBMS_CDP_NEW_RMTOOLS_DLY_H1	24	437	23
5941	RDBMS_CDP_NEW_RMTOOLS_DLY_H1	24	438	23
5942	RDBMS_CDP_NEW_RMTOOLS_DLY_H1	24	506	23
5943	RDBMS_CDP_NEW_RMTOOLS_DLY_H1	24	440	23
5944	RDBMS_CDP_NEW_RMTOOLS_DLY_H1	24	505	23
5945	RDBMS_CDP_NEW_RMTOOLS_DLY_H1	24	501	23
5946	RDBMS_CDP_NEW_RMTOOLS_DLY_H1	24	502	23
5947	RDBMS_CDP_NEW_RMTOOLS_DLY_H1	24	503	23
5948	RDBMS_CDP_NEW_RMTOOLS_DLY_H1	531	508	23
5949	RDBMS_CDP_NEW_RMTOOLS_DLY_H1	531	509	23
5950	RDBMS_CDP_NEW_RMTOOLS_DLY_H1	531	504	23
5951	RDBMS_CDP_NEW_RMTOOLS_DLY_H1	531	510	23
5952	RDBMS_CDP_NEW_RMTOOLS_DLY_H1	531	507	23
5953	RDBMS_CDP_NEW_RMTOOLS_DLY_H1	531	436	23
5954	RDBMS_CDP_NEW_RMTOOLS_DLY_H1	531	437	23
5955	RDBMS_CDP_NEW_RMTOOLS_DLY_H1	531	438	23
5956	RDBMS_CDP_NEW_RMTOOLS_DLY_H1	531	506	23
5957	RDBMS_CDP_NEW_RMTOOLS_DLY_H1	531	440	23
5958	RDBMS_CDP_NEW_RMTOOLS_DLY_H1	531	505	23
5959	RDBMS_CDP_NEW_RMTOOLS_DLY_H1	531	501	23
5960	RDBMS_CDP_NEW_RMTOOLS_DLY_H1	531	502	23
5961	RDBMS_CDP_NEW_RMTOOLS_DLY_H1	531	503	23
5962	RDBMS_CDP_NEW_RMTOOLS_DLY_H1	532	508	23
5963	RDBMS_CDP_NEW_RMTOOLS_DLY_H1	532	509	23
5964	RDBMS_CDP_NEW_RMTOOLS_DLY_H1	532	504	23
5965	RDBMS_CDP_NEW_RMTOOLS_DLY_H1	532	510	23
5966	RDBMS_CDP_NEW_RMTOOLS_DLY_H1	532	507	23
5967	RDBMS_CDP_NEW_RMTOOLS_DLY_H1	532	436	23
5968	RDBMS_CDP_NEW_RMTOOLS_DLY_H1	532	437	23
5969	RDBMS_CDP_NEW_RMTOOLS_DLY_H1	532	438	23
5970	RDBMS_CDP_NEW_RMTOOLS_DLY_H1	532	506	23
5971	RDBMS_CDP_NEW_RMTOOLS_DLY_H1	532	440	23
5972	RDBMS_CDP_NEW_RMTOOLS_DLY_H1	532	505	23
5973	RDBMS_CDP_NEW_RMTOOLS_DLY_H1	532	501	23
5974	RDBMS_CDP_NEW_RMTOOLS_DLY_H1	532	502	23
5975	RDBMS_CDP_NEW_RMTOOLS_DLY_H1	532	503	23
5976	RDBMS_CDP_NEW_RMTOOLS_DLY_H1	533	508	23
5977	RDBMS_CDP_NEW_RMTOOLS_DLY_H1	533	509	23
5978	RDBMS_CDP_NEW_RMTOOLS_DLY_H1	533	504	23
5979	RDBMS_CDP_NEW_RMTOOLS_DLY_H1	533	510	23
5980	RDBMS_CDP_NEW_RMTOOLS_DLY_H1	533	507	23
5981	RDBMS_CDP_NEW_RMTOOLS_DLY_H1	533	436	23
5982	RDBMS_CDP_NEW_RMTOOLS_DLY_H1	533	437	23
5983	RDBMS_CDP_NEW_RMTOOLS_DLY_H1	533	438	23
5984	RDBMS_CDP_NEW_RMTOOLS_DLY_H1	533	506	23
5985	RDBMS_CDP_NEW_RMTOOLS_DLY_H1	533	440	23
5986	RDBMS_CDP_NEW_RMTOOLS_DLY_H1	533	505	23
5987	RDBMS_CDP_NEW_RMTOOLS_DLY_H1	533	501	23
5988	RDBMS_CDP_NEW_RMTOOLS_DLY_H1	533	502	23
5989	RDBMS_CDP_NEW_RMTOOLS_DLY_H1	533	503	23
5990	RDBMS_CDP_NEW_RMTOOLS_DLY_H1	534	508	23
5991	RDBMS_CDP_NEW_RMTOOLS_DLY_H1	534	509	23
5992	RDBMS_CDP_NEW_RMTOOLS_DLY_H1	534	504	23
5993	RDBMS_CDP_NEW_RMTOOLS_DLY_H1	534	510	23
5994	RDBMS_CDP_NEW_RMTOOLS_DLY_H1	534	507	23
5995	RDBMS_CDP_NEW_RMTOOLS_DLY_H1	534	436	23
5996	RDBMS_CDP_NEW_RMTOOLS_DLY_H1	534	437	23
5997	RDBMS_CDP_NEW_RMTOOLS_DLY_H1	534	438	23
5998	RDBMS_CDP_NEW_RMTOOLS_DLY_H1	534	506	23
5999	RDBMS_CDP_NEW_RMTOOLS_DLY_H1	534	440	23
6000	RDBMS_CDP_NEW_RMTOOLS_DLY_H1	534	505	23
6001	RDBMS_CDP_NEW_RMTOOLS_DLY_H1	534	501	23
6002	RDBMS_CDP_NEW_RMTOOLS_DLY_H1	534	502	23
6003	RDBMS_CDP_NEW_RMTOOLS_DLY_H1	534	503	23
6004	RDBMS_CDP_NEW_RMTOOLS_DLY_H1	535	508	23
6005	RDBMS_CDP_NEW_RMTOOLS_DLY_H1	535	509	23
6006	RDBMS_CDP_NEW_RMTOOLS_DLY_H1	535	504	23
6007	RDBMS_CDP_NEW_RMTOOLS_DLY_H1	535	510	23
6008	RDBMS_CDP_NEW_RMTOOLS_DLY_H1	535	507	23
6009	RDBMS_CDP_NEW_RMTOOLS_DLY_H1	535	436	23
6010	RDBMS_CDP_NEW_RMTOOLS_DLY_H1	535	437	23
6011	RDBMS_CDP_NEW_RMTOOLS_DLY_H1	535	438	23
6012	RDBMS_CDP_NEW_RMTOOLS_DLY_H1	535	506	23
6013	RDBMS_CDP_NEW_RMTOOLS_DLY_H1	535	440	23
6014	RDBMS_CDP_NEW_RMTOOLS_DLY_H1	535	505	23
6015	RDBMS_CDP_NEW_RMTOOLS_DLY_H1	535	501	23
6016	RDBMS_CDP_NEW_RMTOOLS_DLY_H1	535	502	23
6017	RDBMS_CDP_NEW_RMTOOLS_DLY_H1	535	503	23
6018	RDBMS_CDP_NEW_RMTOOLS_DLY_H1	536	508	23
6019	RDBMS_CDP_NEW_RMTOOLS_DLY_H1	536	509	23
6020	RDBMS_CDP_NEW_RMTOOLS_DLY_H1	536	504	23
6021	RDBMS_CDP_NEW_RMTOOLS_DLY_H1	536	510	23
6022	RDBMS_CDP_NEW_RMTOOLS_DLY_H1	536	507	23
6023	RDBMS_CDP_NEW_RMTOOLS_DLY_H1	536	436	23
6024	RDBMS_CDP_NEW_RMTOOLS_DLY_H1	536	437	23
6025	RDBMS_CDP_NEW_RMTOOLS_DLY_H1	536	438	23
6026	RDBMS_CDP_NEW_RMTOOLS_DLY_H1	536	506	23
6027	RDBMS_CDP_NEW_RMTOOLS_DLY_H1	536	440	23
6028	RDBMS_CDP_NEW_RMTOOLS_DLY_H1	536	505	23
6029	RDBMS_CDP_NEW_RMTOOLS_DLY_H1	536	501	23
6030	RDBMS_CDP_NEW_RMTOOLS_DLY_H1	536	502	23
6031	RDBMS_CDP_NEW_RMTOOLS_DLY_H1	536	503	23
6032	RDBMS_CDP_NEW_RMTOOLS_DLY_H1	537	508	23
6033	RDBMS_CDP_NEW_RMTOOLS_DLY_H1	537	509	23
6034	RDBMS_CDP_NEW_RMTOOLS_DLY_H1	537	504	23
6035	RDBMS_CDP_NEW_RMTOOLS_DLY_H1	537	510	23
6036	RDBMS_CDP_NEW_RMTOOLS_DLY_H1	537	507	23
6037	RDBMS_CDP_NEW_RMTOOLS_DLY_H1	537	436	23
6038	RDBMS_CDP_NEW_RMTOOLS_DLY_H1	537	437	23
6039	RDBMS_CDP_NEW_RMTOOLS_DLY_H1	537	438	23
6040	RDBMS_CDP_NEW_RMTOOLS_DLY_H1	537	506	23
6041	RDBMS_CDP_NEW_RMTOOLS_DLY_H1	537	440	23
6042	RDBMS_CDP_NEW_RMTOOLS_DLY_H1	537	505	23
6043	RDBMS_CDP_NEW_RMTOOLS_DLY_H1	537	501	23
6044	RDBMS_CDP_NEW_RMTOOLS_DLY_H1	537	502	23
6045	RDBMS_CDP_NEW_RMTOOLS_DLY_H1	537	503	23
6046	RDBMS_CDP_NEW_RMTOOLS_DLY_H1	538	508	23
6047	RDBMS_CDP_NEW_RMTOOLS_DLY_H1	538	509	23
6048	RDBMS_CDP_NEW_RMTOOLS_DLY_H1	538	504	23
6049	RDBMS_CDP_NEW_RMTOOLS_DLY_H1	538	510	23
6050	RDBMS_CDP_NEW_RMTOOLS_DLY_H1	538	507	23
6051	RDBMS_CDP_NEW_RMTOOLS_DLY_H1	538	436	23
6052	RDBMS_CDP_NEW_RMTOOLS_DLY_H1	538	437	23
6053	RDBMS_CDP_NEW_RMTOOLS_DLY_H1	538	438	23
6054	RDBMS_CDP_NEW_RMTOOLS_DLY_H1	538	506	23
6055	RDBMS_CDP_NEW_RMTOOLS_DLY_H1	538	440	23
6056	RDBMS_CDP_NEW_RMTOOLS_DLY_H1	538	505	23
6057	RDBMS_CDP_NEW_RMTOOLS_DLY_H1	538	501	23
6058	RDBMS_CDP_NEW_RMTOOLS_DLY_H1	538	502	23
6059	RDBMS_CDP_NEW_RMTOOLS_DLY_H1	538	503	23
6060	RDBMS_CDP_NEW_RMTOOLS_DLY_H1	539	508	23
6061	RDBMS_CDP_NEW_RMTOOLS_DLY_H1	539	509	23
6062	RDBMS_CDP_NEW_RMTOOLS_DLY_H1	539	504	23
6063	RDBMS_CDP_NEW_RMTOOLS_DLY_H1	539	510	23
6064	RDBMS_CDP_NEW_RMTOOLS_DLY_H1	539	507	23
6065	RDBMS_CDP_NEW_RMTOOLS_DLY_H1	539	436	23
6066	RDBMS_CDP_NEW_RMTOOLS_DLY_H1	539	437	23
6067	RDBMS_CDP_NEW_RMTOOLS_DLY_H1	539	438	23
6068	RDBMS_CDP_NEW_RMTOOLS_DLY_H1	539	506	23
6069	RDBMS_CDP_NEW_RMTOOLS_DLY_H1	539	440	23
6070	RDBMS_CDP_NEW_RMTOOLS_DLY_H1	539	505	23
6071	RDBMS_CDP_NEW_RMTOOLS_DLY_H1	539	501	23
6072	RDBMS_CDP_NEW_RMTOOLS_DLY_H1	539	502	23
6073	RDBMS_CDP_NEW_RMTOOLS_DLY_H1	539	503	23
6074	RDBMS_CDP_NEW_RMTOOLS_DLY_H1	35	508	23
6075	RDBMS_CDP_NEW_RMTOOLS_DLY_H1	35	509	23
6076	RDBMS_CDP_NEW_RMTOOLS_DLY_H1	35	504	23
6077	RDBMS_CDP_NEW_RMTOOLS_DLY_H1	35	510	23
6078	RDBMS_CDP_NEW_RMTOOLS_DLY_H1	35	507	23
6079	RDBMS_CDP_NEW_RMTOOLS_DLY_H1	35	436	23
6080	RDBMS_CDP_NEW_RMTOOLS_DLY_H1	35	437	23
6081	RDBMS_CDP_NEW_RMTOOLS_DLY_H1	35	438	23
6082	RDBMS_CDP_NEW_RMTOOLS_DLY_H1	35	506	23
6083	RDBMS_CDP_NEW_RMTOOLS_DLY_H1	35	440	23
6084	RDBMS_CDP_NEW_RMTOOLS_DLY_H1	35	505	23
6085	RDBMS_CDP_NEW_RMTOOLS_DLY_H1	35	501	23
6086	RDBMS_CDP_NEW_RMTOOLS_DLY_H1	35	502	23
6087	RDBMS_CDP_NEW_RMTOOLS_DLY_H1	35	503	23
6088	RDBMS_CDP_NEW_RMTOOLS_DLY_H1	540	508	23
6089	RDBMS_CDP_NEW_RMTOOLS_DLY_H1	540	509	23
6090	RDBMS_CDP_NEW_RMTOOLS_DLY_H1	540	504	23
6091	RDBMS_CDP_NEW_RMTOOLS_DLY_H1	540	510	23
6092	RDBMS_CDP_NEW_RMTOOLS_DLY_H1	540	507	23
6093	RDBMS_CDP_NEW_RMTOOLS_DLY_H1	540	436	23
6094	RDBMS_CDP_NEW_RMTOOLS_DLY_H1	540	437	23
6095	RDBMS_CDP_NEW_RMTOOLS_DLY_H1	540	438	23
6096	RDBMS_CDP_NEW_RMTOOLS_DLY_H1	540	506	23
6097	RDBMS_CDP_NEW_RMTOOLS_DLY_H1	540	440	23
6098	RDBMS_CDP_NEW_RMTOOLS_DLY_H1	540	505	23
6099	RDBMS_CDP_NEW_RMTOOLS_DLY_H1	540	501	23
6100	RDBMS_CDP_NEW_RMTOOLS_DLY_H1	540	502	23
6101	RDBMS_CDP_NEW_RMTOOLS_DLY_H1	540	503	23
6102	RDBMS_CDP_NEW_RMTOOLS_DLY_H1	541	508	23
6103	RDBMS_CDP_NEW_RMTOOLS_DLY_H1	541	509	23
6104	RDBMS_CDP_NEW_RMTOOLS_DLY_H1	541	504	23
6105	RDBMS_CDP_NEW_RMTOOLS_DLY_H1	541	510	23
6106	RDBMS_CDP_NEW_RMTOOLS_DLY_H1	541	507	23
6107	RDBMS_CDP_NEW_RMTOOLS_DLY_H1	541	436	23
6108	RDBMS_CDP_NEW_RMTOOLS_DLY_H1	541	437	23
6109	RDBMS_CDP_NEW_RMTOOLS_DLY_H1	541	438	23
6110	RDBMS_CDP_NEW_RMTOOLS_DLY_H1	541	506	23
6111	RDBMS_CDP_NEW_RMTOOLS_DLY_H1	541	440	23
6112	RDBMS_CDP_NEW_RMTOOLS_DLY_H1	541	505	23
6113	RDBMS_CDP_NEW_RMTOOLS_DLY_H1	541	501	23
6114	RDBMS_CDP_NEW_RMTOOLS_DLY_H1	541	502	23
6115	RDBMS_CDP_NEW_RMTOOLS_DLY_H1	541	503	23
6116	RDBMS_CDP_NEW_RMTOOLS_DLY_H1	510	508	23
6117	RDBMS_CDP_NEW_RMTOOLS_DLY_H1	510	509	23
6118	RDBMS_CDP_NEW_RMTOOLS_DLY_H1	510	504	23
6119	RDBMS_CDP_NEW_RMTOOLS_DLY_H1	510	510	23
6120	RDBMS_CDP_NEW_RMTOOLS_DLY_H1	510	507	23
6121	RDBMS_CDP_NEW_RMTOOLS_DLY_H1	510	436	23
6122	RDBMS_CDP_NEW_RMTOOLS_DLY_H1	510	437	23
6123	RDBMS_CDP_NEW_RMTOOLS_DLY_H1	510	438	23
6124	RDBMS_CDP_NEW_RMTOOLS_DLY_H1	510	506	23
6125	RDBMS_CDP_NEW_RMTOOLS_DLY_H1	510	440	23
6126	RDBMS_CDP_NEW_RMTOOLS_DLY_H1	510	505	23
6127	RDBMS_CDP_NEW_RMTOOLS_DLY_H1	510	501	23
6128	RDBMS_CDP_NEW_RMTOOLS_DLY_H1	510	502	23
6129	RDBMS_CDP_NEW_RMTOOLS_DLY_H1	510	503	23
6130	RDBMS_CDP_NEW_RMTOOLS_DLY_H1	542	508	23
6131	RDBMS_CDP_NEW_RMTOOLS_DLY_H1	542	509	23
6132	RDBMS_CDP_NEW_RMTOOLS_DLY_H1	542	504	23
6133	RDBMS_CDP_NEW_RMTOOLS_DLY_H1	542	510	23
6134	RDBMS_CDP_NEW_RMTOOLS_DLY_H1	542	507	23
6135	RDBMS_CDP_NEW_RMTOOLS_DLY_H1	542	436	23
6136	RDBMS_CDP_NEW_RMTOOLS_DLY_H1	542	437	23
6137	RDBMS_CDP_NEW_RMTOOLS_DLY_H1	542	438	23
6138	RDBMS_CDP_NEW_RMTOOLS_DLY_H1	542	506	23
6139	RDBMS_CDP_NEW_RMTOOLS_DLY_H1	542	440	23
6140	RDBMS_CDP_NEW_RMTOOLS_DLY_H1	542	505	23
6141	RDBMS_CDP_NEW_RMTOOLS_DLY_H1	542	501	23
6142	RDBMS_CDP_NEW_RMTOOLS_DLY_H1	542	502	23
6143	RDBMS_CDP_NEW_RMTOOLS_DLY_H1	542	503	23
6144	RDBMS_CDP_NEW_RMTOOLS_DLY_H1	543	508	23
6145	RDBMS_CDP_NEW_RMTOOLS_DLY_H1	543	509	23
6146	RDBMS_CDP_NEW_RMTOOLS_DLY_H1	543	504	23
6147	RDBMS_CDP_NEW_RMTOOLS_DLY_H1	543	510	23
6148	RDBMS_CDP_NEW_RMTOOLS_DLY_H1	543	507	23
6149	RDBMS_CDP_NEW_RMTOOLS_DLY_H1	543	436	23
6150	RDBMS_CDP_NEW_RMTOOLS_DLY_H1	543	437	23
6151	RDBMS_CDP_NEW_RMTOOLS_DLY_H1	543	438	23
6152	RDBMS_CDP_NEW_RMTOOLS_DLY_H1	543	506	23
6153	RDBMS_CDP_NEW_RMTOOLS_DLY_H1	543	440	23
6154	RDBMS_CDP_NEW_RMTOOLS_DLY_H1	543	505	23
6155	RDBMS_CDP_NEW_RMTOOLS_DLY_H1	543	501	23
6156	RDBMS_CDP_NEW_RMTOOLS_DLY_H1	543	502	23
6157	RDBMS_CDP_NEW_RMTOOLS_DLY_H1	543	503	23
6158	RDBMS_CDP_NEW_RMTOOLS_DLY_H1	544	508	23
6159	RDBMS_CDP_NEW_RMTOOLS_DLY_H1	544	509	23
6160	RDBMS_CDP_NEW_RMTOOLS_DLY_H1	544	504	23
6161	RDBMS_CDP_NEW_RMTOOLS_DLY_H1	544	510	23
6162	RDBMS_CDP_NEW_RMTOOLS_DLY_H1	544	507	23
6163	RDBMS_CDP_NEW_RMTOOLS_DLY_H1	544	436	23
6164	RDBMS_CDP_NEW_RMTOOLS_DLY_H1	544	437	23
6165	RDBMS_CDP_NEW_RMTOOLS_DLY_H1	544	438	23
6166	RDBMS_CDP_NEW_RMTOOLS_DLY_H1	544	506	23
6167	RDBMS_CDP_NEW_RMTOOLS_DLY_H1	544	440	23
6168	RDBMS_CDP_NEW_RMTOOLS_DLY_H1	544	505	23
6169	RDBMS_CDP_NEW_RMTOOLS_DLY_H1	544	501	23
6170	RDBMS_CDP_NEW_RMTOOLS_DLY_H1	544	502	23
6171	RDBMS_CDP_NEW_RMTOOLS_DLY_H1	544	503	23
6172	RDBMS_CDP_NEW_RMTOOLS_DLY_H1	545	508	23
6173	RDBMS_CDP_NEW_RMTOOLS_DLY_H1	545	509	23
6174	RDBMS_CDP_NEW_RMTOOLS_DLY_H1	545	504	23
6175	RDBMS_CDP_NEW_RMTOOLS_DLY_H1	545	510	23
6176	RDBMS_CDP_NEW_RMTOOLS_DLY_H1	545	507	23
6177	RDBMS_CDP_NEW_RMTOOLS_DLY_H1	545	436	23
6178	RDBMS_CDP_NEW_RMTOOLS_DLY_H1	545	437	23
6179	RDBMS_CDP_NEW_RMTOOLS_DLY_H1	545	438	23
6180	RDBMS_CDP_NEW_RMTOOLS_DLY_H1	545	506	23
6181	RDBMS_CDP_NEW_RMTOOLS_DLY_H1	545	440	23
6182	RDBMS_CDP_NEW_RMTOOLS_DLY_H1	545	505	23
6183	RDBMS_CDP_NEW_RMTOOLS_DLY_H1	545	501	23
6184	RDBMS_CDP_NEW_RMTOOLS_DLY_H1	545	502	23
6185	RDBMS_CDP_NEW_RMTOOLS_DLY_H1	545	503	23
6186	RDBMS_CDP_NEW_RMTOOLS_DLY_H1	546	508	23
6187	RDBMS_CDP_NEW_RMTOOLS_DLY_H1	546	509	23
6188	RDBMS_CDP_NEW_RMTOOLS_DLY_H1	546	504	23
6189	RDBMS_CDP_NEW_RMTOOLS_DLY_H1	546	510	23
6190	RDBMS_CDP_NEW_RMTOOLS_DLY_H1	546	507	23
6191	RDBMS_CDP_NEW_RMTOOLS_DLY_H1	546	436	23
6192	RDBMS_CDP_NEW_RMTOOLS_DLY_H1	546	437	23
6193	RDBMS_CDP_NEW_RMTOOLS_DLY_H1	546	438	23
6194	RDBMS_CDP_NEW_RMTOOLS_DLY_H1	546	506	23
6195	RDBMS_CDP_NEW_RMTOOLS_DLY_H1	546	440	23
6196	RDBMS_CDP_NEW_RMTOOLS_DLY_H1	546	505	23
6197	RDBMS_CDP_NEW_RMTOOLS_DLY_H1	546	501	23
6198	RDBMS_CDP_NEW_RMTOOLS_DLY_H1	546	502	23
6199	RDBMS_CDP_NEW_RMTOOLS_DLY_H1	546	503	23
6200	RDBMS_CDP_NEW_RMTOOLS_DLY_H1	547	508	23
6201	RDBMS_CDP_NEW_RMTOOLS_DLY_H1	547	509	23
6202	RDBMS_CDP_NEW_RMTOOLS_DLY_H1	547	504	23
6203	RDBMS_CDP_NEW_RMTOOLS_DLY_H1	547	510	23
6204	RDBMS_CDP_NEW_RMTOOLS_DLY_H1	547	507	23
6205	RDBMS_CDP_NEW_RMTOOLS_DLY_H1	547	436	23
6206	RDBMS_CDP_NEW_RMTOOLS_DLY_H1	547	437	23
6207	RDBMS_CDP_NEW_RMTOOLS_DLY_H1	547	438	23
6208	RDBMS_CDP_NEW_RMTOOLS_DLY_H1	547	506	23
6209	RDBMS_CDP_NEW_RMTOOLS_DLY_H1	547	440	23
6210	RDBMS_CDP_NEW_RMTOOLS_DLY_H1	547	505	23
6211	RDBMS_CDP_NEW_RMTOOLS_DLY_H1	547	501	23
6212	RDBMS_CDP_NEW_RMTOOLS_DLY_H1	547	502	23
6213	RDBMS_CDP_NEW_RMTOOLS_DLY_H1	547	503	23
6214	RDBMS_CDP_NEW_RMTOOLS_DLY_H1	81	508	23
6215	RDBMS_CDP_NEW_RMTOOLS_DLY_H1	81	509	23
6216	RDBMS_CDP_NEW_RMTOOLS_DLY_H1	81	504	23
6217	RDBMS_CDP_NEW_RMTOOLS_DLY_H1	81	510	23
6218	RDBMS_CDP_NEW_RMTOOLS_DLY_H1	81	507	23
6219	RDBMS_CDP_NEW_RMTOOLS_DLY_H1	81	436	23
6220	RDBMS_CDP_NEW_RMTOOLS_DLY_H1	81	437	23
6221	RDBMS_CDP_NEW_RMTOOLS_DLY_H1	81	438	23
6222	RDBMS_CDP_NEW_RMTOOLS_DLY_H1	81	506	23
6223	RDBMS_CDP_NEW_RMTOOLS_DLY_H1	81	440	23
6224	RDBMS_CDP_NEW_RMTOOLS_DLY_H1	81	505	23
6225	RDBMS_CDP_NEW_RMTOOLS_DLY_H1	81	501	23
6226	RDBMS_CDP_NEW_RMTOOLS_DLY_H1	81	502	23
6227	RDBMS_CDP_NEW_RMTOOLS_DLY_H1	81	503	23
6228	RDBMS_CDP_NEW_RMTOOLS_DLY_H1	548	508	23
6229	RDBMS_CDP_NEW_RMTOOLS_DLY_H1	548	509	23
6230	RDBMS_CDP_NEW_RMTOOLS_DLY_H1	548	504	23
6231	RDBMS_CDP_NEW_RMTOOLS_DLY_H1	548	510	23
6232	RDBMS_CDP_NEW_RMTOOLS_DLY_H1	548	507	23
6233	RDBMS_CDP_NEW_RMTOOLS_DLY_H1	548	436	23
6234	RDBMS_CDP_NEW_RMTOOLS_DLY_H1	548	437	23
6235	RDBMS_CDP_NEW_RMTOOLS_DLY_H1	548	438	23
6236	RDBMS_CDP_NEW_RMTOOLS_DLY_H1	548	506	23
6237	RDBMS_CDP_NEW_RMTOOLS_DLY_H1	548	440	23
6238	RDBMS_CDP_NEW_RMTOOLS_DLY_H1	548	505	23
6239	RDBMS_CDP_NEW_RMTOOLS_DLY_H1	548	501	23
6240	RDBMS_CDP_NEW_RMTOOLS_DLY_H1	548	502	23
6241	RDBMS_CDP_NEW_RMTOOLS_DLY_H1	548	503	23
6242	RDBMS_CDP_NEW_RMTOOLS_DLY_H1	504	508	23
6243	RDBMS_CDP_NEW_RMTOOLS_DLY_H1	504	509	23
6244	RDBMS_CDP_NEW_RMTOOLS_DLY_H1	504	504	23
6245	RDBMS_CDP_NEW_RMTOOLS_DLY_H1	504	510	23
6246	RDBMS_CDP_NEW_RMTOOLS_DLY_H1	504	507	23
6247	RDBMS_CDP_NEW_RMTOOLS_DLY_H1	504	436	23
6248	RDBMS_CDP_NEW_RMTOOLS_DLY_H1	504	437	23
6249	RDBMS_CDP_NEW_RMTOOLS_DLY_H1	504	438	23
6250	RDBMS_CDP_NEW_RMTOOLS_DLY_H1	504	506	23
6251	RDBMS_CDP_NEW_RMTOOLS_DLY_H1	504	440	23
6252	RDBMS_CDP_NEW_RMTOOLS_DLY_H1	504	505	23
6253	RDBMS_CDP_NEW_RMTOOLS_DLY_H1	504	501	23
6254	RDBMS_CDP_NEW_RMTOOLS_DLY_H1	504	502	23
6255	RDBMS_CDP_NEW_RMTOOLS_DLY_H1	504	503	23
6256	RDBMS_CDP_NEW_RMTOOLS_DLY_H1	507	508	23
6257	RDBMS_CDP_NEW_RMTOOLS_DLY_H1	507	509	23
6258	RDBMS_CDP_NEW_RMTOOLS_DLY_H1	507	504	23
6259	RDBMS_CDP_NEW_RMTOOLS_DLY_H1	507	510	23
6260	RDBMS_CDP_NEW_RMTOOLS_DLY_H1	507	507	23
6261	RDBMS_CDP_NEW_RMTOOLS_DLY_H1	507	436	23
6262	RDBMS_CDP_NEW_RMTOOLS_DLY_H1	507	437	23
6263	RDBMS_CDP_NEW_RMTOOLS_DLY_H1	507	438	23
6264	RDBMS_CDP_NEW_RMTOOLS_DLY_H1	507	506	23
6265	RDBMS_CDP_NEW_RMTOOLS_DLY_H1	507	440	23
6266	RDBMS_CDP_NEW_RMTOOLS_DLY_H1	507	505	23
6267	RDBMS_CDP_NEW_RMTOOLS_DLY_H1	507	501	23
6268	RDBMS_CDP_NEW_RMTOOLS_DLY_H1	507	502	23
6269	RDBMS_CDP_NEW_RMTOOLS_DLY_H1	507	503	23
6270	RDBMS_CDP_NEW_RMTOOLS_DLY_H1	549	508	23
6271	RDBMS_CDP_NEW_RMTOOLS_DLY_H1	549	509	23
6272	RDBMS_CDP_NEW_RMTOOLS_DLY_H1	549	504	23
6273	RDBMS_CDP_NEW_RMTOOLS_DLY_H1	549	510	23
6274	RDBMS_CDP_NEW_RMTOOLS_DLY_H1	549	507	23
6275	RDBMS_CDP_NEW_RMTOOLS_DLY_H1	549	436	23
6276	RDBMS_CDP_NEW_RMTOOLS_DLY_H1	549	437	23
6277	RDBMS_CDP_NEW_RMTOOLS_DLY_H1	549	438	23
6278	RDBMS_CDP_NEW_RMTOOLS_DLY_H1	549	506	23
6279	RDBMS_CDP_NEW_RMTOOLS_DLY_H1	549	440	23
6280	RDBMS_CDP_NEW_RMTOOLS_DLY_H1	549	505	23
6281	RDBMS_CDP_NEW_RMTOOLS_DLY_H1	549	501	23
6282	RDBMS_CDP_NEW_RMTOOLS_DLY_H1	549	502	23
6283	RDBMS_CDP_NEW_RMTOOLS_DLY_H1	549	503	23
6284	RDBMS_CDP_NEW_RMTOOLS_DLY_H1	550	508	23
6285	RDBMS_CDP_NEW_RMTOOLS_DLY_H1	550	509	23
6286	RDBMS_CDP_NEW_RMTOOLS_DLY_H1	550	504	23
6287	RDBMS_CDP_NEW_RMTOOLS_DLY_H1	550	510	23
6288	RDBMS_CDP_NEW_RMTOOLS_DLY_H1	550	507	23
6289	RDBMS_CDP_NEW_RMTOOLS_DLY_H1	550	436	23
6290	RDBMS_CDP_NEW_RMTOOLS_DLY_H1	550	437	23
6291	RDBMS_CDP_NEW_RMTOOLS_DLY_H1	550	438	23
6292	RDBMS_CDP_NEW_RMTOOLS_DLY_H1	550	506	23
6293	RDBMS_CDP_NEW_RMTOOLS_DLY_H1	550	440	23
6294	RDBMS_CDP_NEW_RMTOOLS_DLY_H1	550	505	23
6295	RDBMS_CDP_NEW_RMTOOLS_DLY_H1	550	501	23
6296	RDBMS_CDP_NEW_RMTOOLS_DLY_H1	550	502	23
6297	RDBMS_CDP_NEW_RMTOOLS_DLY_H1	550	503	23
6298	RDBMS_CDP_NEW_RMTOOLS_DLY_H1	551	508	23
6299	RDBMS_CDP_NEW_RMTOOLS_DLY_H1	551	509	23
6300	RDBMS_CDP_NEW_RMTOOLS_DLY_H1	551	504	23
6301	RDBMS_CDP_NEW_RMTOOLS_DLY_H1	551	510	23
6302	RDBMS_CDP_NEW_RMTOOLS_DLY_H1	551	507	23
6303	RDBMS_CDP_NEW_RMTOOLS_DLY_H1	551	436	23
6304	RDBMS_CDP_NEW_RMTOOLS_DLY_H1	551	437	23
6305	RDBMS_CDP_NEW_RMTOOLS_DLY_H1	551	438	23
6306	RDBMS_CDP_NEW_RMTOOLS_DLY_H1	551	506	23
6307	RDBMS_CDP_NEW_RMTOOLS_DLY_H1	551	440	23
6308	RDBMS_CDP_NEW_RMTOOLS_DLY_H1	551	505	23
6309	RDBMS_CDP_NEW_RMTOOLS_DLY_H1	551	501	23
6310	RDBMS_CDP_NEW_RMTOOLS_DLY_H1	551	502	23
6311	RDBMS_CDP_NEW_RMTOOLS_DLY_H1	551	503	23
6312	RDBMS_CDP_NEW_RMTOOLS_DLY_H1	552	508	23
6313	RDBMS_CDP_NEW_RMTOOLS_DLY_H1	552	509	23
6314	RDBMS_CDP_NEW_RMTOOLS_DLY_H1	552	504	23
6315	RDBMS_CDP_NEW_RMTOOLS_DLY_H1	552	510	23
6316	RDBMS_CDP_NEW_RMTOOLS_DLY_H1	552	507	23
6317	RDBMS_CDP_NEW_RMTOOLS_DLY_H1	552	436	23
6318	RDBMS_CDP_NEW_RMTOOLS_DLY_H1	552	437	23
6319	RDBMS_CDP_NEW_RMTOOLS_DLY_H1	552	438	23
6320	RDBMS_CDP_NEW_RMTOOLS_DLY_H1	552	506	23
6321	RDBMS_CDP_NEW_RMTOOLS_DLY_H1	552	440	23
6322	RDBMS_CDP_NEW_RMTOOLS_DLY_H1	552	505	23
6323	RDBMS_CDP_NEW_RMTOOLS_DLY_H1	552	501	23
6324	RDBMS_CDP_NEW_RMTOOLS_DLY_H1	552	502	23
6325	RDBMS_CDP_NEW_RMTOOLS_DLY_H1	552	503	23
6326	RDBMS_CDP_NEW_RMTOOLS_DLY_H1	506	508	23
6327	RDBMS_CDP_NEW_RMTOOLS_DLY_H1	506	509	23
6328	RDBMS_CDP_NEW_RMTOOLS_DLY_H1	506	504	23
6329	RDBMS_CDP_NEW_RMTOOLS_DLY_H1	506	510	23
6330	RDBMS_CDP_NEW_RMTOOLS_DLY_H1	506	507	23
6331	RDBMS_CDP_NEW_RMTOOLS_DLY_H1	506	436	23
6332	RDBMS_CDP_NEW_RMTOOLS_DLY_H1	506	437	23
6333	RDBMS_CDP_NEW_RMTOOLS_DLY_H1	506	438	23
6334	RDBMS_CDP_NEW_RMTOOLS_DLY_H1	506	506	23
6335	RDBMS_CDP_NEW_RMTOOLS_DLY_H1	506	440	23
6336	RDBMS_CDP_NEW_RMTOOLS_DLY_H1	506	505	23
6337	RDBMS_CDP_NEW_RMTOOLS_DLY_H1	506	501	23
6338	RDBMS_CDP_NEW_RMTOOLS_DLY_H1	506	502	23
6339	RDBMS_CDP_NEW_RMTOOLS_DLY_H1	506	503	23
6340	RDBMS_CDP_NEW_RMTOOLS_DLY_H1	553	508	23
6341	RDBMS_CDP_NEW_RMTOOLS_DLY_H1	553	509	23
6342	RDBMS_CDP_NEW_RMTOOLS_DLY_H1	553	504	23
6343	RDBMS_CDP_NEW_RMTOOLS_DLY_H1	553	510	23
6344	RDBMS_CDP_NEW_RMTOOLS_DLY_H1	553	507	23
6345	RDBMS_CDP_NEW_RMTOOLS_DLY_H1	553	436	23
6346	RDBMS_CDP_NEW_RMTOOLS_DLY_H1	553	437	23
6347	RDBMS_CDP_NEW_RMTOOLS_DLY_H1	553	438	23
6348	RDBMS_CDP_NEW_RMTOOLS_DLY_H1	553	506	23
6349	RDBMS_CDP_NEW_RMTOOLS_DLY_H1	553	440	23
6350	RDBMS_CDP_NEW_RMTOOLS_DLY_H1	553	505	23
6351	RDBMS_CDP_NEW_RMTOOLS_DLY_H1	553	501	23
6352	RDBMS_CDP_NEW_RMTOOLS_DLY_H1	553	502	23
6353	RDBMS_CDP_NEW_RMTOOLS_DLY_H1	553	503	23
6354	RDBMS_CDP_NEW_RMTOOLS_DLY_H1	554	508	23
6355	RDBMS_CDP_NEW_RMTOOLS_DLY_H1	554	509	23
6356	RDBMS_CDP_NEW_RMTOOLS_DLY_H1	554	504	23
6357	RDBMS_CDP_NEW_RMTOOLS_DLY_H1	554	510	23
6358	RDBMS_CDP_NEW_RMTOOLS_DLY_H1	554	507	23
6359	RDBMS_CDP_NEW_RMTOOLS_DLY_H1	554	436	23
6360	RDBMS_CDP_NEW_RMTOOLS_DLY_H1	554	437	23
6361	RDBMS_CDP_NEW_RMTOOLS_DLY_H1	554	438	23
6362	RDBMS_CDP_NEW_RMTOOLS_DLY_H1	554	506	23
6363	RDBMS_CDP_NEW_RMTOOLS_DLY_H1	554	440	23
6364	RDBMS_CDP_NEW_RMTOOLS_DLY_H1	554	505	23
6365	RDBMS_CDP_NEW_RMTOOLS_DLY_H1	554	501	23
6366	RDBMS_CDP_NEW_RMTOOLS_DLY_H1	554	502	23
6367	RDBMS_CDP_NEW_RMTOOLS_DLY_H1	554	503	23
6368	RDBMS_CDP_NEW_RMTOOLS_DLY_H1	555	508	23
6369	RDBMS_CDP_NEW_RMTOOLS_DLY_H1	555	509	23
6370	RDBMS_CDP_NEW_RMTOOLS_DLY_H1	555	504	23
6371	RDBMS_CDP_NEW_RMTOOLS_DLY_H1	555	510	23
6372	RDBMS_CDP_NEW_RMTOOLS_DLY_H1	555	507	23
6373	RDBMS_CDP_NEW_RMTOOLS_DLY_H1	555	436	23
6374	RDBMS_CDP_NEW_RMTOOLS_DLY_H1	555	437	23
6375	RDBMS_CDP_NEW_RMTOOLS_DLY_H1	555	438	23
6376	RDBMS_CDP_NEW_RMTOOLS_DLY_H1	555	506	23
6377	RDBMS_CDP_NEW_RMTOOLS_DLY_H1	555	440	23
6378	RDBMS_CDP_NEW_RMTOOLS_DLY_H1	555	505	23
6379	RDBMS_CDP_NEW_RMTOOLS_DLY_H1	555	501	23
6380	RDBMS_CDP_NEW_RMTOOLS_DLY_H1	555	502	23
6381	RDBMS_CDP_NEW_RMTOOLS_DLY_H1	555	503	23
6382	RDBMS_CDP_NEW_RMTOOLS_DLY_H1	556	508	23
6383	RDBMS_CDP_NEW_RMTOOLS_DLY_H1	556	509	23
6384	RDBMS_CDP_NEW_RMTOOLS_DLY_H1	556	504	23
6385	RDBMS_CDP_NEW_RMTOOLS_DLY_H1	556	510	23
6386	RDBMS_CDP_NEW_RMTOOLS_DLY_H1	556	507	23
6387	RDBMS_CDP_NEW_RMTOOLS_DLY_H1	556	436	23
6388	RDBMS_CDP_NEW_RMTOOLS_DLY_H1	556	437	23
6389	RDBMS_CDP_NEW_RMTOOLS_DLY_H1	556	438	23
6390	RDBMS_CDP_NEW_RMTOOLS_DLY_H1	556	506	23
6391	RDBMS_CDP_NEW_RMTOOLS_DLY_H1	556	440	23
6392	RDBMS_CDP_NEW_RMTOOLS_DLY_H1	556	505	23
6393	RDBMS_CDP_NEW_RMTOOLS_DLY_H1	556	501	23
6394	RDBMS_CDP_NEW_RMTOOLS_DLY_H1	556	502	23
6395	RDBMS_CDP_NEW_RMTOOLS_DLY_H1	556	503	23
6396	RDBMS_CDP_NEW_RMTOOLS_DLY_H1	557	508	23
6397	RDBMS_CDP_NEW_RMTOOLS_DLY_H1	557	509	23
6398	RDBMS_CDP_NEW_RMTOOLS_DLY_H1	557	504	23
6399	RDBMS_CDP_NEW_RMTOOLS_DLY_H1	557	510	23
6400	RDBMS_CDP_NEW_RMTOOLS_DLY_H1	557	507	23
6401	RDBMS_CDP_NEW_RMTOOLS_DLY_H1	557	436	23
6402	RDBMS_CDP_NEW_RMTOOLS_DLY_H1	557	437	23
6403	RDBMS_CDP_NEW_RMTOOLS_DLY_H1	557	438	23
6404	RDBMS_CDP_NEW_RMTOOLS_DLY_H1	557	506	23
6405	RDBMS_CDP_NEW_RMTOOLS_DLY_H1	557	440	23
6406	RDBMS_CDP_NEW_RMTOOLS_DLY_H1	557	505	23
6407	RDBMS_CDP_NEW_RMTOOLS_DLY_H1	557	501	23
6408	RDBMS_CDP_NEW_RMTOOLS_DLY_H1	557	502	23
6409	RDBMS_CDP_NEW_RMTOOLS_DLY_H1	557	503	23
6410	RDBMS_CDP_NEW_RMTOOLS_DLY_H1	558	508	23
6411	RDBMS_CDP_NEW_RMTOOLS_DLY_H1	558	509	23
6412	RDBMS_CDP_NEW_RMTOOLS_DLY_H1	558	504	23
6413	RDBMS_CDP_NEW_RMTOOLS_DLY_H1	558	510	23
6414	RDBMS_CDP_NEW_RMTOOLS_DLY_H1	558	507	23
6415	RDBMS_CDP_NEW_RMTOOLS_DLY_H1	558	436	23
6416	RDBMS_CDP_NEW_RMTOOLS_DLY_H1	558	437	23
6417	RDBMS_CDP_NEW_RMTOOLS_DLY_H1	558	438	23
6418	RDBMS_CDP_NEW_RMTOOLS_DLY_H1	558	506	23
6419	RDBMS_CDP_NEW_RMTOOLS_DLY_H1	558	440	23
6420	RDBMS_CDP_NEW_RMTOOLS_DLY_H1	558	505	23
6421	RDBMS_CDP_NEW_RMTOOLS_DLY_H1	558	501	23
6422	RDBMS_CDP_NEW_RMTOOLS_DLY_H1	558	502	23
6423	RDBMS_CDP_NEW_RMTOOLS_DLY_H1	558	503	23
6424	RDBMS_CDP_NEW_RMTOOLS_DLY_H1	130	508	23
6425	RDBMS_CDP_NEW_RMTOOLS_DLY_H1	130	509	23
6426	RDBMS_CDP_NEW_RMTOOLS_DLY_H1	130	504	23
6427	RDBMS_CDP_NEW_RMTOOLS_DLY_H1	130	510	23
6428	RDBMS_CDP_NEW_RMTOOLS_DLY_H1	130	507	23
6429	RDBMS_CDP_NEW_RMTOOLS_DLY_H1	130	436	23
6430	RDBMS_CDP_NEW_RMTOOLS_DLY_H1	130	437	23
6431	RDBMS_CDP_NEW_RMTOOLS_DLY_H1	130	438	23
6432	RDBMS_CDP_NEW_RMTOOLS_DLY_H1	130	506	23
6433	RDBMS_CDP_NEW_RMTOOLS_DLY_H1	130	440	23
6434	RDBMS_CDP_NEW_RMTOOLS_DLY_H1	130	505	23
6435	RDBMS_CDP_NEW_RMTOOLS_DLY_H1	130	501	23
6436	RDBMS_CDP_NEW_RMTOOLS_DLY_H1	130	502	23
6437	RDBMS_CDP_NEW_RMTOOLS_DLY_H1	130	503	23
6438	RDBMS_CDP_NEW_RMTOOLS_DLY_H1	116	508	23
6439	RDBMS_CDP_NEW_RMTOOLS_DLY_H1	116	509	23
6440	RDBMS_CDP_NEW_RMTOOLS_DLY_H1	116	504	23
6441	RDBMS_CDP_NEW_RMTOOLS_DLY_H1	116	510	23
6442	RDBMS_CDP_NEW_RMTOOLS_DLY_H1	116	507	23
6443	RDBMS_CDP_NEW_RMTOOLS_DLY_H1	116	436	23
6444	RDBMS_CDP_NEW_RMTOOLS_DLY_H1	116	437	23
6445	RDBMS_CDP_NEW_RMTOOLS_DLY_H1	116	438	23
6446	RDBMS_CDP_NEW_RMTOOLS_DLY_H1	116	506	23
6447	RDBMS_CDP_NEW_RMTOOLS_DLY_H1	116	440	23
6448	RDBMS_CDP_NEW_RMTOOLS_DLY_H1	116	505	23
6449	RDBMS_CDP_NEW_RMTOOLS_DLY_H1	116	501	23
6450	RDBMS_CDP_NEW_RMTOOLS_DLY_H1	116	502	23
6451	RDBMS_CDP_NEW_RMTOOLS_DLY_H1	116	503	23
6452	RDBMS_CDP_NEW_RMTOOLS_DLY_H1	121	508	23
6453	RDBMS_CDP_NEW_RMTOOLS_DLY_H1	121	509	23
6454	RDBMS_CDP_NEW_RMTOOLS_DLY_H1	121	504	23
6455	RDBMS_CDP_NEW_RMTOOLS_DLY_H1	121	510	23
6456	RDBMS_CDP_NEW_RMTOOLS_DLY_H1	121	507	23
6457	RDBMS_CDP_NEW_RMTOOLS_DLY_H1	121	436	23
6458	RDBMS_CDP_NEW_RMTOOLS_DLY_H1	121	437	23
6459	RDBMS_CDP_NEW_RMTOOLS_DLY_H1	121	438	23
6460	RDBMS_CDP_NEW_RMTOOLS_DLY_H1	121	506	23
6461	RDBMS_CDP_NEW_RMTOOLS_DLY_H1	121	440	23
6462	RDBMS_CDP_NEW_RMTOOLS_DLY_H1	121	505	23
6463	RDBMS_CDP_NEW_RMTOOLS_DLY_H1	121	501	23
6464	RDBMS_CDP_NEW_RMTOOLS_DLY_H1	121	502	23
6465	RDBMS_CDP_NEW_RMTOOLS_DLY_H1	121	503	23
6466	RDBMS_CDP_NEW_RMTOOLS_DLY_H1	114	508	23
6467	RDBMS_CDP_NEW_RMTOOLS_DLY_H1	114	509	23
6468	RDBMS_CDP_NEW_RMTOOLS_DLY_H1	114	504	23
6469	RDBMS_CDP_NEW_RMTOOLS_DLY_H1	114	510	23
6470	RDBMS_CDP_NEW_RMTOOLS_DLY_H1	114	507	23
6471	RDBMS_CDP_NEW_RMTOOLS_DLY_H1	114	436	23
6472	RDBMS_CDP_NEW_RMTOOLS_DLY_H1	114	437	23
6473	RDBMS_CDP_NEW_RMTOOLS_DLY_H1	114	438	23
6474	RDBMS_CDP_NEW_RMTOOLS_DLY_H1	114	506	23
6475	RDBMS_CDP_NEW_RMTOOLS_DLY_H1	114	440	23
6476	RDBMS_CDP_NEW_RMTOOLS_DLY_H1	114	505	23
6477	RDBMS_CDP_NEW_RMTOOLS_DLY_H1	114	501	23
6478	RDBMS_CDP_NEW_RMTOOLS_DLY_H1	114	502	23
6479	RDBMS_CDP_NEW_RMTOOLS_DLY_H1	114	503	23
6480	RDBMS_CDP_NEW_RMTOOLS_DLY_H1	125	508	23
6481	RDBMS_CDP_NEW_RMTOOLS_DLY_H1	125	509	23
6482	RDBMS_CDP_NEW_RMTOOLS_DLY_H1	125	504	23
6483	RDBMS_CDP_NEW_RMTOOLS_DLY_H1	125	510	23
6484	RDBMS_CDP_NEW_RMTOOLS_DLY_H1	125	507	23
6485	RDBMS_CDP_NEW_RMTOOLS_DLY_H1	125	436	23
6486	RDBMS_CDP_NEW_RMTOOLS_DLY_H1	125	437	23
6487	RDBMS_CDP_NEW_RMTOOLS_DLY_H1	125	438	23
6488	RDBMS_CDP_NEW_RMTOOLS_DLY_H1	125	506	23
6489	RDBMS_CDP_NEW_RMTOOLS_DLY_H1	125	440	23
6490	RDBMS_CDP_NEW_RMTOOLS_DLY_H1	125	505	23
6491	RDBMS_CDP_NEW_RMTOOLS_DLY_H1	125	501	23
6492	RDBMS_CDP_NEW_RMTOOLS_DLY_H1	125	502	23
6493	RDBMS_CDP_NEW_RMTOOLS_DLY_H1	125	503	23
6494	RDBMS_CDP_NEW_RMTOOLS_DLY_H1	122	508	23
6495	RDBMS_CDP_NEW_RMTOOLS_DLY_H1	122	509	23
6496	RDBMS_CDP_NEW_RMTOOLS_DLY_H1	122	504	23
6497	RDBMS_CDP_NEW_RMTOOLS_DLY_H1	122	510	23
6498	RDBMS_CDP_NEW_RMTOOLS_DLY_H1	122	507	23
6499	RDBMS_CDP_NEW_RMTOOLS_DLY_H1	122	436	23
6500	RDBMS_CDP_NEW_RMTOOLS_DLY_H1	122	437	23
6501	RDBMS_CDP_NEW_RMTOOLS_DLY_H1	122	438	23
6502	RDBMS_CDP_NEW_RMTOOLS_DLY_H1	122	506	23
6503	RDBMS_CDP_NEW_RMTOOLS_DLY_H1	122	440	23
6504	RDBMS_CDP_NEW_RMTOOLS_DLY_H1	122	505	23
6505	RDBMS_CDP_NEW_RMTOOLS_DLY_H1	122	501	23
6506	RDBMS_CDP_NEW_RMTOOLS_DLY_H1	122	502	23
6507	RDBMS_CDP_NEW_RMTOOLS_DLY_H1	122	503	23
6508	RDBMS_CDP_NEW_RMTOOLS_DLY_H1	131	508	23
6509	RDBMS_CDP_NEW_RMTOOLS_DLY_H1	131	509	23
6510	RDBMS_CDP_NEW_RMTOOLS_DLY_H1	131	504	23
6511	RDBMS_CDP_NEW_RMTOOLS_DLY_H1	131	510	23
6512	RDBMS_CDP_NEW_RMTOOLS_DLY_H1	131	507	23
6513	RDBMS_CDP_NEW_RMTOOLS_DLY_H1	131	436	23
6514	RDBMS_CDP_NEW_RMTOOLS_DLY_H1	131	437	23
6515	RDBMS_CDP_NEW_RMTOOLS_DLY_H1	131	438	23
6516	RDBMS_CDP_NEW_RMTOOLS_DLY_H1	131	506	23
6517	RDBMS_CDP_NEW_RMTOOLS_DLY_H1	131	440	23
6518	RDBMS_CDP_NEW_RMTOOLS_DLY_H1	131	505	23
6519	RDBMS_CDP_NEW_RMTOOLS_DLY_H1	131	501	23
6520	RDBMS_CDP_NEW_RMTOOLS_DLY_H1	131	502	23
6521	RDBMS_CDP_NEW_RMTOOLS_DLY_H1	131	503	23
6522	RDBMS_CDP_NEW_RMTOOLS_DLY_H1	133	508	23
6523	RDBMS_CDP_NEW_RMTOOLS_DLY_H1	133	509	23
6524	RDBMS_CDP_NEW_RMTOOLS_DLY_H1	133	504	23
6525	RDBMS_CDP_NEW_RMTOOLS_DLY_H1	133	510	23
6526	RDBMS_CDP_NEW_RMTOOLS_DLY_H1	133	507	23
6527	RDBMS_CDP_NEW_RMTOOLS_DLY_H1	133	436	23
6528	RDBMS_CDP_NEW_RMTOOLS_DLY_H1	133	437	23
6529	RDBMS_CDP_NEW_RMTOOLS_DLY_H1	133	438	23
6530	RDBMS_CDP_NEW_RMTOOLS_DLY_H1	133	506	23
6531	RDBMS_CDP_NEW_RMTOOLS_DLY_H1	133	440	23
6532	RDBMS_CDP_NEW_RMTOOLS_DLY_H1	133	505	23
6533	RDBMS_CDP_NEW_RMTOOLS_DLY_H1	133	501	23
6534	RDBMS_CDP_NEW_RMTOOLS_DLY_H1	133	502	23
6535	RDBMS_CDP_NEW_RMTOOLS_DLY_H1	133	503	23
6536	RDBMS_CDP_NEW_RMTOOLS_DLY_H1	115	508	23
6537	RDBMS_CDP_NEW_RMTOOLS_DLY_H1	115	509	23
6538	RDBMS_CDP_NEW_RMTOOLS_DLY_H1	115	504	23
6539	RDBMS_CDP_NEW_RMTOOLS_DLY_H1	115	510	23
6540	RDBMS_CDP_NEW_RMTOOLS_DLY_H1	115	507	23
6541	RDBMS_CDP_NEW_RMTOOLS_DLY_H1	115	436	23
6542	RDBMS_CDP_NEW_RMTOOLS_DLY_H1	115	437	23
6543	RDBMS_CDP_NEW_RMTOOLS_DLY_H1	115	438	23
6544	RDBMS_CDP_NEW_RMTOOLS_DLY_H1	115	506	23
6545	RDBMS_CDP_NEW_RMTOOLS_DLY_H1	115	440	23
6546	RDBMS_CDP_NEW_RMTOOLS_DLY_H1	115	505	23
6547	RDBMS_CDP_NEW_RMTOOLS_DLY_H1	115	501	23
6548	RDBMS_CDP_NEW_RMTOOLS_DLY_H1	115	502	23
6549	RDBMS_CDP_NEW_RMTOOLS_DLY_H1	115	503	23
6550	RDBMS_CDP_NEW_RMTOOLS_DLY_H1	559	508	23
6551	RDBMS_CDP_NEW_RMTOOLS_DLY_H1	559	509	23
6552	RDBMS_CDP_NEW_RMTOOLS_DLY_H1	559	504	23
6553	RDBMS_CDP_NEW_RMTOOLS_DLY_H1	559	510	23
6554	RDBMS_CDP_NEW_RMTOOLS_DLY_H1	559	507	23
6555	RDBMS_CDP_NEW_RMTOOLS_DLY_H1	559	436	23
6556	RDBMS_CDP_NEW_RMTOOLS_DLY_H1	559	437	23
6557	RDBMS_CDP_NEW_RMTOOLS_DLY_H1	559	438	23
6558	RDBMS_CDP_NEW_RMTOOLS_DLY_H1	559	506	23
6559	RDBMS_CDP_NEW_RMTOOLS_DLY_H1	559	440	23
6560	RDBMS_CDP_NEW_RMTOOLS_DLY_H1	559	505	23
6561	RDBMS_CDP_NEW_RMTOOLS_DLY_H1	559	501	23
6562	RDBMS_CDP_NEW_RMTOOLS_DLY_H1	559	502	23
6563	RDBMS_CDP_NEW_RMTOOLS_DLY_H1	559	503	23
6564	RDBMS_CDP_NEW_RMTOOLS_DLY_H1	560	508	23
6565	RDBMS_CDP_NEW_RMTOOLS_DLY_H1	560	509	23
6566	RDBMS_CDP_NEW_RMTOOLS_DLY_H1	560	504	23
6567	RDBMS_CDP_NEW_RMTOOLS_DLY_H1	560	510	23
6568	RDBMS_CDP_NEW_RMTOOLS_DLY_H1	560	507	23
6569	RDBMS_CDP_NEW_RMTOOLS_DLY_H1	560	436	23
6570	RDBMS_CDP_NEW_RMTOOLS_DLY_H1	560	437	23
6571	RDBMS_CDP_NEW_RMTOOLS_DLY_H1	560	438	23
6572	RDBMS_CDP_NEW_RMTOOLS_DLY_H1	560	506	23
6573	RDBMS_CDP_NEW_RMTOOLS_DLY_H1	560	440	23
6574	RDBMS_CDP_NEW_RMTOOLS_DLY_H1	560	505	23
6575	RDBMS_CDP_NEW_RMTOOLS_DLY_H1	560	501	23
6576	RDBMS_CDP_NEW_RMTOOLS_DLY_H1	560	502	23
6577	RDBMS_CDP_NEW_RMTOOLS_DLY_H1	560	503	23
6578	RDBMS_CDP_NEW_RMTOOLS_DLY_H1	561	508	23
6579	RDBMS_CDP_NEW_RMTOOLS_DLY_H1	561	509	23
6580	RDBMS_CDP_NEW_RMTOOLS_DLY_H1	561	504	23
6581	RDBMS_CDP_NEW_RMTOOLS_DLY_H1	561	510	23
6582	RDBMS_CDP_NEW_RMTOOLS_DLY_H1	561	507	23
6583	RDBMS_CDP_NEW_RMTOOLS_DLY_H1	561	436	23
6584	RDBMS_CDP_NEW_RMTOOLS_DLY_H1	561	437	23
6585	RDBMS_CDP_NEW_RMTOOLS_DLY_H1	561	438	23
6586	RDBMS_CDP_NEW_RMTOOLS_DLY_H1	561	506	23
6587	RDBMS_CDP_NEW_RMTOOLS_DLY_H1	561	440	23
6588	RDBMS_CDP_NEW_RMTOOLS_DLY_H1	561	505	23
6589	RDBMS_CDP_NEW_RMTOOLS_DLY_H1	561	501	23
6590	RDBMS_CDP_NEW_RMTOOLS_DLY_H1	561	502	23
6591	RDBMS_CDP_NEW_RMTOOLS_DLY_H1	561	503	23
6592	RDBMS_CDP_NEW_RMTOOLS_DLY_H1	562	508	23
6593	RDBMS_CDP_NEW_RMTOOLS_DLY_H1	562	509	23
6594	RDBMS_CDP_NEW_RMTOOLS_DLY_H1	562	504	23
6595	RDBMS_CDP_NEW_RMTOOLS_DLY_H1	562	510	23
6596	RDBMS_CDP_NEW_RMTOOLS_DLY_H1	562	507	23
6597	RDBMS_CDP_NEW_RMTOOLS_DLY_H1	562	436	23
6598	RDBMS_CDP_NEW_RMTOOLS_DLY_H1	562	437	23
6599	RDBMS_CDP_NEW_RMTOOLS_DLY_H1	562	438	23
6600	RDBMS_CDP_NEW_RMTOOLS_DLY_H1	562	506	23
6601	RDBMS_CDP_NEW_RMTOOLS_DLY_H1	562	440	23
6602	RDBMS_CDP_NEW_RMTOOLS_DLY_H1	562	505	23
6603	RDBMS_CDP_NEW_RMTOOLS_DLY_H1	562	501	23
6604	RDBMS_CDP_NEW_RMTOOLS_DLY_H1	562	502	23
6605	RDBMS_CDP_NEW_RMTOOLS_DLY_H1	562	503	23
6606	RDBMS_CDP_NEW_RMTOOLS_DLY_H1	241	508	23
6607	RDBMS_CDP_NEW_RMTOOLS_DLY_H1	241	509	23
6608	RDBMS_CDP_NEW_RMTOOLS_DLY_H1	241	504	23
6609	RDBMS_CDP_NEW_RMTOOLS_DLY_H1	241	510	23
6610	RDBMS_CDP_NEW_RMTOOLS_DLY_H1	241	507	23
6611	RDBMS_CDP_NEW_RMTOOLS_DLY_H1	241	436	23
6612	RDBMS_CDP_NEW_RMTOOLS_DLY_H1	241	437	23
6613	RDBMS_CDP_NEW_RMTOOLS_DLY_H1	241	438	23
6614	RDBMS_CDP_NEW_RMTOOLS_DLY_H1	241	506	23
6615	RDBMS_CDP_NEW_RMTOOLS_DLY_H1	241	440	23
6616	RDBMS_CDP_NEW_RMTOOLS_DLY_H1	241	505	23
6617	RDBMS_CDP_NEW_RMTOOLS_DLY_H1	241	501	23
6618	RDBMS_CDP_NEW_RMTOOLS_DLY_H1	241	502	23
6619	RDBMS_CDP_NEW_RMTOOLS_DLY_H1	241	503	23
6620	RDBMS_CDP_NEW_RMTOOLS_DLY_H1	17	508	23
6621	RDBMS_CDP_NEW_RMTOOLS_DLY_H1	17	509	23
6622	RDBMS_CDP_NEW_RMTOOLS_DLY_H1	17	504	23
6623	RDBMS_CDP_NEW_RMTOOLS_DLY_H1	17	510	23
6624	RDBMS_CDP_NEW_RMTOOLS_DLY_H1	17	507	23
6625	RDBMS_CDP_NEW_RMTOOLS_DLY_H1	17	436	23
6626	RDBMS_CDP_NEW_RMTOOLS_DLY_H1	17	437	23
6627	RDBMS_CDP_NEW_RMTOOLS_DLY_H1	17	438	23
6628	RDBMS_CDP_NEW_RMTOOLS_DLY_H1	17	506	23
6629	RDBMS_CDP_NEW_RMTOOLS_DLY_H1	17	440	23
6630	RDBMS_CDP_NEW_RMTOOLS_DLY_H1	17	505	23
6631	RDBMS_CDP_NEW_RMTOOLS_DLY_H1	17	501	23
6632	RDBMS_CDP_NEW_RMTOOLS_DLY_H1	17	502	23
6633	RDBMS_CDP_NEW_RMTOOLS_DLY_H1	17	503	23
6634	RDBMS_CDP_NEW_RMTOOLS_DLY_H1	563	508	23
6635	RDBMS_CDP_NEW_RMTOOLS_DLY_H1	563	509	23
6636	RDBMS_CDP_NEW_RMTOOLS_DLY_H1	563	504	23
6637	RDBMS_CDP_NEW_RMTOOLS_DLY_H1	563	510	23
6638	RDBMS_CDP_NEW_RMTOOLS_DLY_H1	563	507	23
6639	RDBMS_CDP_NEW_RMTOOLS_DLY_H1	563	436	23
6640	RDBMS_CDP_NEW_RMTOOLS_DLY_H1	563	437	23
6641	RDBMS_CDP_NEW_RMTOOLS_DLY_H1	563	438	23
6642	RDBMS_CDP_NEW_RMTOOLS_DLY_H1	563	506	23
6643	RDBMS_CDP_NEW_RMTOOLS_DLY_H1	563	440	23
6644	RDBMS_CDP_NEW_RMTOOLS_DLY_H1	563	505	23
6645	RDBMS_CDP_NEW_RMTOOLS_DLY_H1	563	501	23
6646	RDBMS_CDP_NEW_RMTOOLS_DLY_H1	563	502	23
6647	RDBMS_CDP_NEW_RMTOOLS_DLY_H1	563	503	23
6648	RDBMS_CDP_NEW_RMTOOLS_DLY_H1	564	508	23
6649	RDBMS_CDP_NEW_RMTOOLS_DLY_H1	564	509	23
6650	RDBMS_CDP_NEW_RMTOOLS_DLY_H1	564	504	23
6651	RDBMS_CDP_NEW_RMTOOLS_DLY_H1	564	510	23
6652	RDBMS_CDP_NEW_RMTOOLS_DLY_H1	564	507	23
6653	RDBMS_CDP_NEW_RMTOOLS_DLY_H1	564	436	23
6654	RDBMS_CDP_NEW_RMTOOLS_DLY_H1	564	437	23
6655	RDBMS_CDP_NEW_RMTOOLS_DLY_H1	564	438	23
6656	RDBMS_CDP_NEW_RMTOOLS_DLY_H1	564	506	23
6657	RDBMS_CDP_NEW_RMTOOLS_DLY_H1	564	440	23
6658	RDBMS_CDP_NEW_RMTOOLS_DLY_H1	564	505	23
6659	RDBMS_CDP_NEW_RMTOOLS_DLY_H1	564	501	23
6660	RDBMS_CDP_NEW_RMTOOLS_DLY_H1	564	502	23
6661	RDBMS_CDP_NEW_RMTOOLS_DLY_H1	564	503	23
6662	RDBMS_CDP_NEW_RMTOOLS_DLY_H1	565	508	23
6663	RDBMS_CDP_NEW_RMTOOLS_DLY_H1	565	509	23
6664	RDBMS_CDP_NEW_RMTOOLS_DLY_H1	565	504	23
6665	RDBMS_CDP_NEW_RMTOOLS_DLY_H1	565	510	23
6666	RDBMS_CDP_NEW_RMTOOLS_DLY_H1	565	507	23
6667	RDBMS_CDP_NEW_RMTOOLS_DLY_H1	565	436	23
6668	RDBMS_CDP_NEW_RMTOOLS_DLY_H1	565	437	23
6669	RDBMS_CDP_NEW_RMTOOLS_DLY_H1	565	438	23
6670	RDBMS_CDP_NEW_RMTOOLS_DLY_H1	565	506	23
6671	RDBMS_CDP_NEW_RMTOOLS_DLY_H1	565	440	23
6672	RDBMS_CDP_NEW_RMTOOLS_DLY_H1	565	505	23
6673	RDBMS_CDP_NEW_RMTOOLS_DLY_H1	565	501	23
6674	RDBMS_CDP_NEW_RMTOOLS_DLY_H1	565	502	23
6675	RDBMS_CDP_NEW_RMTOOLS_DLY_H1	565	503	23
6676	RDBMS_CDP_NEW_RMTOOLS_DLY_H1	566	508	23
6677	RDBMS_CDP_NEW_RMTOOLS_DLY_H1	566	509	23
6678	RDBMS_CDP_NEW_RMTOOLS_DLY_H1	566	504	23
6679	RDBMS_CDP_NEW_RMTOOLS_DLY_H1	566	510	23
6680	RDBMS_CDP_NEW_RMTOOLS_DLY_H1	566	507	23
6681	RDBMS_CDP_NEW_RMTOOLS_DLY_H1	566	436	23
6682	RDBMS_CDP_NEW_RMTOOLS_DLY_H1	566	437	23
6683	RDBMS_CDP_NEW_RMTOOLS_DLY_H1	566	438	23
6684	RDBMS_CDP_NEW_RMTOOLS_DLY_H1	566	506	23
6685	RDBMS_CDP_NEW_RMTOOLS_DLY_H1	566	440	23
6686	RDBMS_CDP_NEW_RMTOOLS_DLY_H1	566	505	23
6687	RDBMS_CDP_NEW_RMTOOLS_DLY_H1	566	501	23
6688	RDBMS_CDP_NEW_RMTOOLS_DLY_H1	566	502	23
6689	RDBMS_CDP_NEW_RMTOOLS_DLY_H1	566	503	23
6690	RDBMS_CDP_NEW_RMTOOLS_DLY_H1	567	508	23
6691	RDBMS_CDP_NEW_RMTOOLS_DLY_H1	567	509	23
6692	RDBMS_CDP_NEW_RMTOOLS_DLY_H1	567	504	23
6693	RDBMS_CDP_NEW_RMTOOLS_DLY_H1	567	510	23
6694	RDBMS_CDP_NEW_RMTOOLS_DLY_H1	567	507	23
6695	RDBMS_CDP_NEW_RMTOOLS_DLY_H1	567	436	23
6696	RDBMS_CDP_NEW_RMTOOLS_DLY_H1	567	437	23
6697	RDBMS_CDP_NEW_RMTOOLS_DLY_H1	567	438	23
6698	RDBMS_CDP_NEW_RMTOOLS_DLY_H1	567	506	23
6699	RDBMS_CDP_NEW_RMTOOLS_DLY_H1	567	440	23
6700	RDBMS_CDP_NEW_RMTOOLS_DLY_H1	567	505	23
6701	RDBMS_CDP_NEW_RMTOOLS_DLY_H1	567	501	23
6702	RDBMS_CDP_NEW_RMTOOLS_DLY_H1	567	502	23
6703	RDBMS_CDP_NEW_RMTOOLS_DLY_H1	567	503	23
6704	RDBMS_CDP_NEW_RMTOOLS_DLY_H1	568	508	23
6705	RDBMS_CDP_NEW_RMTOOLS_DLY_H1	568	509	23
6706	RDBMS_CDP_NEW_RMTOOLS_DLY_H1	568	504	23
6707	RDBMS_CDP_NEW_RMTOOLS_DLY_H1	568	510	23
6708	RDBMS_CDP_NEW_RMTOOLS_DLY_H1	568	507	23
6709	RDBMS_CDP_NEW_RMTOOLS_DLY_H1	568	436	23
6710	RDBMS_CDP_NEW_RMTOOLS_DLY_H1	568	437	23
6711	RDBMS_CDP_NEW_RMTOOLS_DLY_H1	568	438	23
6712	RDBMS_CDP_NEW_RMTOOLS_DLY_H1	568	506	23
6713	RDBMS_CDP_NEW_RMTOOLS_DLY_H1	568	440	23
6714	RDBMS_CDP_NEW_RMTOOLS_DLY_H1	568	505	23
6715	RDBMS_CDP_NEW_RMTOOLS_DLY_H1	568	501	23
6716	RDBMS_CDP_NEW_RMTOOLS_DLY_H1	568	502	23
6717	RDBMS_CDP_NEW_RMTOOLS_DLY_H1	568	503	23
6718	RDBMS_CDP_NEW_RMTOOLS_DLY_H1	569	508	23
6719	RDBMS_CDP_NEW_RMTOOLS_DLY_H1	569	509	23
6720	RDBMS_CDP_NEW_RMTOOLS_DLY_H1	569	504	23
6721	RDBMS_CDP_NEW_RMTOOLS_DLY_H1	569	510	23
6722	RDBMS_CDP_NEW_RMTOOLS_DLY_H1	569	507	23
6723	RDBMS_CDP_NEW_RMTOOLS_DLY_H1	569	436	23
6724	RDBMS_CDP_NEW_RMTOOLS_DLY_H1	569	437	23
6725	RDBMS_CDP_NEW_RMTOOLS_DLY_H1	569	438	23
6726	RDBMS_CDP_NEW_RMTOOLS_DLY_H1	569	506	23
6727	RDBMS_CDP_NEW_RMTOOLS_DLY_H1	569	440	23
6728	RDBMS_CDP_NEW_RMTOOLS_DLY_H1	569	505	23
6729	RDBMS_CDP_NEW_RMTOOLS_DLY_H1	569	501	23
6730	RDBMS_CDP_NEW_RMTOOLS_DLY_H1	569	502	23
6731	RDBMS_CDP_NEW_RMTOOLS_DLY_H1	569	503	23
6732	RDBMS_CDP_NEW_RMTOOLS_DLY_H1	570	508	23
6733	RDBMS_CDP_NEW_RMTOOLS_DLY_H1	570	509	23
6734	RDBMS_CDP_NEW_RMTOOLS_DLY_H1	570	504	23
6735	RDBMS_CDP_NEW_RMTOOLS_DLY_H1	570	510	23
6736	RDBMS_CDP_NEW_RMTOOLS_DLY_H1	570	507	23
6737	RDBMS_CDP_NEW_RMTOOLS_DLY_H1	570	436	23
6738	RDBMS_CDP_NEW_RMTOOLS_DLY_H1	570	437	23
6739	RDBMS_CDP_NEW_RMTOOLS_DLY_H1	570	438	23
6740	RDBMS_CDP_NEW_RMTOOLS_DLY_H1	570	506	23
6741	RDBMS_CDP_NEW_RMTOOLS_DLY_H1	570	440	23
6742	RDBMS_CDP_NEW_RMTOOLS_DLY_H1	570	505	23
6743	RDBMS_CDP_NEW_RMTOOLS_DLY_H1	570	501	23
6744	RDBMS_CDP_NEW_RMTOOLS_DLY_H1	570	502	23
6745	RDBMS_CDP_NEW_RMTOOLS_DLY_H1	570	503	23
6746	RDBMS_CDP_NEW_RMTOOLS_DLY_H1	571	508	23
6747	RDBMS_CDP_NEW_RMTOOLS_DLY_H1	571	509	23
6748	RDBMS_CDP_NEW_RMTOOLS_DLY_H1	571	504	23
6749	RDBMS_CDP_NEW_RMTOOLS_DLY_H1	571	510	23
6750	RDBMS_CDP_NEW_RMTOOLS_DLY_H1	571	507	23
6751	RDBMS_CDP_NEW_RMTOOLS_DLY_H1	571	436	23
6752	RDBMS_CDP_NEW_RMTOOLS_DLY_H1	571	437	23
6753	RDBMS_CDP_NEW_RMTOOLS_DLY_H1	571	438	23
6754	RDBMS_CDP_NEW_RMTOOLS_DLY_H1	571	506	23
6755	RDBMS_CDP_NEW_RMTOOLS_DLY_H1	571	440	23
6756	RDBMS_CDP_NEW_RMTOOLS_DLY_H1	571	505	23
6757	RDBMS_CDP_NEW_RMTOOLS_DLY_H1	571	501	23
6758	RDBMS_CDP_NEW_RMTOOLS_DLY_H1	571	502	23
6759	RDBMS_CDP_NEW_RMTOOLS_DLY_H1	571	503	23
6760	RDBMS_CDP_NEW_RMTOOLS_DLY_H1	572	508	23
6761	RDBMS_CDP_NEW_RMTOOLS_DLY_H1	572	509	23
6762	RDBMS_CDP_NEW_RMTOOLS_DLY_H1	572	504	23
6763	RDBMS_CDP_NEW_RMTOOLS_DLY_H1	572	510	23
6764	RDBMS_CDP_NEW_RMTOOLS_DLY_H1	572	507	23
6765	RDBMS_CDP_NEW_RMTOOLS_DLY_H1	572	436	23
6766	RDBMS_CDP_NEW_RMTOOLS_DLY_H1	572	437	23
6767	RDBMS_CDP_NEW_RMTOOLS_DLY_H1	572	438	23
6768	RDBMS_CDP_NEW_RMTOOLS_DLY_H1	572	506	23
6770	RDBMS_CDP_NEW_RMTOOLS_DLY_H1	572	440	23
6772	RDBMS_CDP_NEW_RMTOOLS_DLY_H1	572	505	23
6774	RDBMS_CDP_NEW_RMTOOLS_DLY_H1	572	501	23
6776	RDBMS_CDP_NEW_RMTOOLS_DLY_H1	572	502	23
6778	RDBMS_CDP_NEW_RMTOOLS_DLY_H1	572	503	23
6780	RDBMS_CDP_NEW_RMTOOLS_DLY_H1	573	508	23
6782	RDBMS_CDP_NEW_RMTOOLS_DLY_H1	573	509	23
6784	RDBMS_CDP_NEW_RMTOOLS_DLY_H1	573	504	23
6786	RDBMS_CDP_NEW_RMTOOLS_DLY_H1	573	510	23
6787	RDBMS_CDP_NEW_RMTOOLS_DLY_H1	573	507	23
6789	RDBMS_CDP_NEW_RMTOOLS_DLY_H1	573	436	23
6790	RDBMS_CDP_NEW_RMTOOLS_DLY_H1	573	437	23
6791	RDBMS_CDP_NEW_RMTOOLS_DLY_H1	573	438	23
6792	RDBMS_CDP_NEW_RMTOOLS_DLY_H1	573	506	23
6793	RDBMS_CDP_NEW_RMTOOLS_DLY_H1	573	440	23
6795	RDBMS_CDP_NEW_RMTOOLS_DLY_H1	573	505	23
6796	RDBMS_CDP_NEW_RMTOOLS_DLY_H1	573	501	23
6797	RDBMS_CDP_NEW_RMTOOLS_DLY_H1	573	502	23
6798	RDBMS_CDP_NEW_RMTOOLS_DLY_H1	573	503	23
6799	RDBMS_CDP_NEW_RMTOOLS_DLY_H1	574	508	23
6801	RDBMS_CDP_NEW_RMTOOLS_DLY_H1	574	509	23
6803	RDBMS_CDP_NEW_RMTOOLS_DLY_H1	574	504	23
6804	RDBMS_CDP_NEW_RMTOOLS_DLY_H1	574	510	23
6806	RDBMS_CDP_NEW_RMTOOLS_DLY_H1	574	507	23
6807	RDBMS_CDP_NEW_RMTOOLS_DLY_H1	574	436	23
6809	RDBMS_CDP_NEW_RMTOOLS_DLY_H1	574	437	23
6810	RDBMS_CDP_NEW_RMTOOLS_DLY_H1	574	438	23
6812	RDBMS_CDP_NEW_RMTOOLS_DLY_H1	574	506	23
6813	RDBMS_CDP_NEW_RMTOOLS_DLY_H1	574	440	23
6814	RDBMS_CDP_NEW_RMTOOLS_DLY_H1	574	505	23
6815	RDBMS_CDP_NEW_RMTOOLS_DLY_H1	574	501	23
6816	RDBMS_CDP_NEW_RMTOOLS_DLY_H1	574	502	23
6817	RDBMS_CDP_NEW_RMTOOLS_DLY_H1	574	503	23
6818	RDBMS_CDP_NEW_RMTOOLS_DLY_H1	575	508	23
6820	RDBMS_CDP_NEW_RMTOOLS_DLY_H1	575	509	23
6822	RDBMS_CDP_NEW_RMTOOLS_DLY_H1	575	504	23
6824	RDBMS_CDP_NEW_RMTOOLS_DLY_H1	575	510	23
6826	RDBMS_CDP_NEW_RMTOOLS_DLY_H1	575	507	23
6827	RDBMS_CDP_NEW_RMTOOLS_DLY_H1	575	436	23
6829	RDBMS_CDP_NEW_RMTOOLS_DLY_H1	575	437	23
6831	RDBMS_CDP_NEW_RMTOOLS_DLY_H1	575	438	23
6833	RDBMS_CDP_NEW_RMTOOLS_DLY_H1	575	506	23
6835	RDBMS_CDP_NEW_RMTOOLS_DLY_H1	575	440	23
6836	RDBMS_CDP_NEW_RMTOOLS_DLY_H1	575	505	23
6837	RDBMS_CDP_NEW_RMTOOLS_DLY_H1	575	501	23
6849	RDBMS_CDP_NEW_RMTOOLS_DLY_H1	576	437	23
6851	RDBMS_CDP_NEW_RMTOOLS_DLY_H1	576	438	23
6857	RDBMS_CDP_NEW_RMTOOLS_DLY_H1	576	502	23
6858	RDBMS_CDP_NEW_RMTOOLS_DLY_H1	576	503	23
6860	RDBMS_CDP_NEW_RMTOOLS_DLY_H1	577	508	23
6868	RDBMS_CDP_NEW_RMTOOLS_DLY_H1	577	437	23
6887	RDBMS_CDP_NEW_RMTOOLS_DLY_H1	578	507	23
6889	RDBMS_CDP_NEW_RMTOOLS_DLY_H1	578	436	23
6891	RDBMS_CDP_NEW_RMTOOLS_DLY_H1	578	437	23
6892	RDBMS_CDP_NEW_RMTOOLS_DLY_H1	578	438	23
6899	RDBMS_CDP_NEW_RMTOOLS_DLY_H1	578	502	23
6900	RDBMS_CDP_NEW_RMTOOLS_DLY_H1	578	503	23
6902	RDBMS_CDP_NEW_RMTOOLS_DLY_H1	579	508	23
6904	RDBMS_CDP_NEW_RMTOOLS_DLY_H1	579	509	23
6906	RDBMS_CDP_NEW_RMTOOLS_DLY_H1	579	504	23
6910	RDBMS_CDP_NEW_RMTOOLS_DLY_H1	579	507	23
6912	RDBMS_CDP_NEW_RMTOOLS_DLY_H1	579	436	23
6914	RDBMS_CDP_NEW_RMTOOLS_DLY_H1	579	437	23
6918	RDBMS_CDP_NEW_RMTOOLS_DLY_H1	579	440	23
6920	RDBMS_CDP_NEW_RMTOOLS_DLY_H1	579	505	23
6922	RDBMS_CDP_NEW_RMTOOLS_DLY_H1	579	501	23
6924	RDBMS_CDP_NEW_RMTOOLS_DLY_H1	579	502	23
6925	RDBMS_CDP_NEW_RMTOOLS_DLY_H1	579	503	23
6932	RDBMS_CDP_NEW_RMTOOLS_DLY_H1	580	507	23
6936	RDBMS_CDP_NEW_RMTOOLS_DLY_H1	580	437	23
6938	RDBMS_CDP_NEW_RMTOOLS_DLY_H1	580	438	23
6939	RDBMS_CDP_NEW_RMTOOLS_DLY_H1	580	506	23
6940	RDBMS_CDP_NEW_RMTOOLS_DLY_H1	580	440	23
6942	RDBMS_CDP_NEW_RMTOOLS_DLY_H1	580	505	23
6951	RDBMS_CDP_NEW_RMTOOLS_DLY_H1	581	507	23
6953	RDBMS_CDP_NEW_RMTOOLS_DLY_H1	581	436	23
6955	RDBMS_CDP_NEW_RMTOOLS_DLY_H1	581	437	23
6956	RDBMS_CDP_NEW_RMTOOLS_DLY_H1	581	438	23
6957	RDBMS_CDP_NEW_RMTOOLS_DLY_H1	581	506	23
6838	RDBMS_CDP_NEW_RMTOOLS_DLY_H1	575	502	23
6839	RDBMS_CDP_NEW_RMTOOLS_DLY_H1	575	503	23
6841	RDBMS_CDP_NEW_RMTOOLS_DLY_H1	576	508	23
6842	RDBMS_CDP_NEW_RMTOOLS_DLY_H1	576	509	23
6843	RDBMS_CDP_NEW_RMTOOLS_DLY_H1	576	504	23
6844	RDBMS_CDP_NEW_RMTOOLS_DLY_H1	576	510	23
6845	RDBMS_CDP_NEW_RMTOOLS_DLY_H1	576	507	23
6847	RDBMS_CDP_NEW_RMTOOLS_DLY_H1	576	436	23
6852	RDBMS_CDP_NEW_RMTOOLS_DLY_H1	576	506	23
6853	RDBMS_CDP_NEW_RMTOOLS_DLY_H1	576	440	23
6854	RDBMS_CDP_NEW_RMTOOLS_DLY_H1	576	505	23
6856	RDBMS_CDP_NEW_RMTOOLS_DLY_H1	576	501	23
6861	RDBMS_CDP_NEW_RMTOOLS_DLY_H1	577	509	23
6862	RDBMS_CDP_NEW_RMTOOLS_DLY_H1	577	504	23
6864	RDBMS_CDP_NEW_RMTOOLS_DLY_H1	577	510	23
6865	RDBMS_CDP_NEW_RMTOOLS_DLY_H1	577	507	23
6867	RDBMS_CDP_NEW_RMTOOLS_DLY_H1	577	436	23
6870	RDBMS_CDP_NEW_RMTOOLS_DLY_H1	577	438	23
6872	RDBMS_CDP_NEW_RMTOOLS_DLY_H1	577	506	23
6874	RDBMS_CDP_NEW_RMTOOLS_DLY_H1	577	440	23
6875	RDBMS_CDP_NEW_RMTOOLS_DLY_H1	577	505	23
6877	RDBMS_CDP_NEW_RMTOOLS_DLY_H1	577	501	23
6878	RDBMS_CDP_NEW_RMTOOLS_DLY_H1	577	502	23
6880	RDBMS_CDP_NEW_RMTOOLS_DLY_H1	577	503	23
6882	RDBMS_CDP_NEW_RMTOOLS_DLY_H1	578	508	23
6883	RDBMS_CDP_NEW_RMTOOLS_DLY_H1	578	509	23
6885	RDBMS_CDP_NEW_RMTOOLS_DLY_H1	578	504	23
6886	RDBMS_CDP_NEW_RMTOOLS_DLY_H1	578	510	23
6894	RDBMS_CDP_NEW_RMTOOLS_DLY_H1	578	506	23
6895	RDBMS_CDP_NEW_RMTOOLS_DLY_H1	578	440	23
6896	RDBMS_CDP_NEW_RMTOOLS_DLY_H1	578	505	23
6897	RDBMS_CDP_NEW_RMTOOLS_DLY_H1	578	501	23
6908	RDBMS_CDP_NEW_RMTOOLS_DLY_H1	579	510	23
6915	RDBMS_CDP_NEW_RMTOOLS_DLY_H1	579	438	23
6917	RDBMS_CDP_NEW_RMTOOLS_DLY_H1	579	506	23
6927	RDBMS_CDP_NEW_RMTOOLS_DLY_H1	580	508	23
6928	RDBMS_CDP_NEW_RMTOOLS_DLY_H1	580	509	23
6929	RDBMS_CDP_NEW_RMTOOLS_DLY_H1	580	504	23
6930	RDBMS_CDP_NEW_RMTOOLS_DLY_H1	580	510	23
6934	RDBMS_CDP_NEW_RMTOOLS_DLY_H1	580	436	23
6943	RDBMS_CDP_NEW_RMTOOLS_DLY_H1	580	501	23
6944	RDBMS_CDP_NEW_RMTOOLS_DLY_H1	580	502	23
6945	RDBMS_CDP_NEW_RMTOOLS_DLY_H1	580	503	23
6947	RDBMS_CDP_NEW_RMTOOLS_DLY_H1	581	508	23
6948	RDBMS_CDP_NEW_RMTOOLS_DLY_H1	581	509	23
6949	RDBMS_CDP_NEW_RMTOOLS_DLY_H1	581	504	23
6950	RDBMS_CDP_NEW_RMTOOLS_DLY_H1	581	510	23
6959	RDBMS_CDP_NEW_RMTOOLS_DLY_H1	581	440	23
6960	RDBMS_CDP_NEW_RMTOOLS_DLY_H1	581	505	23
6962	RDBMS_CDP_NEW_RMTOOLS_DLY_H1	581	501	23
6963	RDBMS_CDP_NEW_RMTOOLS_DLY_H1	581	502	23
6964	RDBMS_CDP_NEW_RMTOOLS_DLY_H1	581	503	23
6966	DMT_WHL_DM_WALLET_SHARE_NEWRMT_DLY_H1	505	506	24
6967	DMT_WHL_DM_WALLET_SHARE_NEWRMT_DLY_H1	2	506	24
6968	DMT_WHL_DM_WALLET_SHARE_NEWRMT_DLY_H1	582	506	24
6969	DMT_WHL_DM_WALLET_SHARE_NEWRMT_DLY_H1	583	506	24
6970	DMT_WHL_DM_WALLET_SHARE_NEWRMT_DLY_H1	584	506	24
6971	DMT_WHL_DM_WALLET_SHARE_NEWRMT_DLY_H1	585	506	24
6972	DMT_WHL_DM_WALLET_SHARE_NEWRMT_DLY_H1	586	506	24
6973	DMT_WHL_DM_WALLET_SHARE_NEWRMT_DLY_H1	587	506	24
6974	DMT_WHL_DM_WALLET_SHARE_NEWRMT_DLY_H1	241	506	24
6975	DMT_WHL_DM_WALLET_SHARE_NEWRMT_DLY_H1	588	506	24
6976	DMT_WHL_DM_WALLET_SHARE_NEWRMT_DLY_H1	589	506	24
6977	DMT_WHL_DM_WALLET_SHARE_NEWRMT_DLY_H1	590	506	24
6978	DMT_WHL_DM_WALLET_SHARE_NEWRMT_DLY_H1	506	506	24
6979	DMT_WHL_DM_WALLET_SHARE_NEWRMT_DLY_H1	591	506	24
7080	RDBMS_CDP_NEW_RMTOOLS_06PEER_ANALISIS_NEWRMT_DLY_H1	598	597	25
7081	RDBMS_CDP_NEW_RMTOOLS_06PEER_ANALISIS_NEWRMT_DLY_H1	542	597	25
7082	RDBMS_CDP_NEW_RMTOOLS_06PEER_ANALISIS_NEWRMT_DLY_H1	599	597	25
7083	RDBMS_CDP_NEW_RMTOOLS_06PEER_ANALISIS_NEWRMT_DLY_H1	600	597	25
7084	RDBMS_CDP_NEW_RMTOOLS_06PEER_ANALISIS_NEWRMT_DLY_H1	506	597	25
7085	RDBMS_CDP_NEW_RMTOOLS_06PEER_ANALISIS_NEWRMT_DLY_H1	520	597	25
7086	RDBMS_CDP_NEW_RMTOOLS_06PEER_ANALISIS_NEWRMT_DLY_H1	601	597	25
7087	RDBMS_CDP_NEW_RMTOOLS_06PEER_ANALISIS_NEWRMT_DLY_H1	602	597	25
7088	RDBMS_CDP_NEW_RMTOOLS_06PEER_ANALISIS_NEWRMT_DLY_H1	603	597	25
7089	RDBMS_CDP_NEW_RMTOOLS_06PEER_ANALISIS_NEWRMT_DLY_H1	604	597	25
7090	RDBMS_CDP_NEW_RMTOOLS_06PEER_ANALISIS_NEWRMT_DLY_H1	605	597	25
7091	RDBMS_CDP_NEW_RMTOOLS_06PEER_ANALISIS_NEWRMT_DLY_H1	606	597	25
7092	RDBMS_CDP_NEW_RMTOOLS_06PEER_ANALISIS_NEWRMT_DLY_H1	607	597	25
7093	RDBMS_CDP_NEW_RMTOOLS_06PEER_ANALISIS_NEWRMT_DLY_H1	608	597	25
7094	RDBMS_CDP_NEW_RMTOOLS_06PEER_ANALISIS_NEWRMT_DLY_H1	609	597	25
7095	RDBMS_CDP_NEW_RMTOOLS_06PEER_ANALISIS_NEWRMT_DLY_H1	610	597	25
7096	RDBMS_CDP_NEW_RMTOOLS_06PEER_ANALISIS_NEWRMT_DLY_H1	611	597	25
7097	RDBMS_CDP_NEW_RMTOOLS_06PEER_ANALISIS_NEWRMT_DLY_H1	612	597	25
7098	RDBMS_CDP_NEW_RMTOOLS_06PEER_ANALISIS_NEWRMT_DLY_H1	613	597	25
\.


--
-- Data for Name: main_schemacategorymapping; Type: TABLE DATA; Schema: public; Owner: -
--

COPY public.main_schemacategorymapping (mapping_id, schema_name, category) FROM stdin;
1	NEWDATAMART_PST	DATAMART
2	BM_BDA_DANA_PST	DATAMART
3	SPM_DATA	DATAMART
4	PROD_BM_BDA_PST	SOURCE DATA
5	PRM	SOURCE DATA
6	NEWDATAMART_STG	STAGING
7	AUDIT_TRAIL	DATAMART
8	PROD_BM_BDA_STG	STAGING
\.


--
-- Data for Name: main_table; Type: TABLE DATA; Schema: public; Owner: -
--

COPY public.main_table (table_id, table_name, table_category, table_desc) FROM stdin;
401	NEWDATAMART_PST.DASHBOARD_ANOMALI_AGUNAN	DATAMART	(Auto Created)
418	NEWDATAMART_PST.KOPRA	DATAMART	(Auto Created)
137	NEWDATAMART_STG.CDMAST_ORA	STAGING	\N
174	NEWDATAMART_STG.MBC_DLY_DTL_TRX	STAGING	\N
175	NEWDATAMART_STG.MBC_DLY_PRIMARY_ACC	STAGING	\N
176	NEWDATAMART_STG.MBC_DLY_PRIMARY_ACC_V2	STAGING	\N
177	NEWDATAMART_STG.MBC_DLY_ROUTING_ACC	STAGING	\N
178	NEWDATAMART_STG.MBC_DLY_ROUTING_ACC_V2	STAGING	\N
179	NEWDATAMART_STG.MBC_DLY_TEMP_DTL_TRX_NEWUBP	STAGING	\N
180	NEWDATAMART_STG.MBC_DLY_TEMP_DTL_TRX_OLDUBP	STAGING	\N
181	NEWDATAMART_STG.MBC_DLY_TEMP_TRX	STAGING	\N
182	NEWDATAMART_STG.MAPPING_TSC	STAGING	\N
183	NEWDATAMART_STG.MASTER_ENTITAS	STAGING	\N
184	NEWDATAMART_STG.MASTER_ENTITAS_TEMP	STAGING	\N
185	NEWDATAMART_STG.MASTER_ENTITAS_UPDATE_BUC	STAGING	\N
186	NEWDATAMART_STG.MASTER_ENTITAS_UPDATE_NAMA	STAGING	\N
187	NEWDATAMART_STG.SCM_OS	STAGING	\N
188	NEWDATAMART_STG.SCM_VOL	STAGING	\N
189	NEWDATAMART_STG.TRADE_EPLC_FIN	STAGING	\N
190	NEWDATAMART_STG.TRADE_IMNE	STAGING	\N
191	NEWDATAMART_STG.TRADE_UPDATE_BRANCH_DEBET	STAGING	\N
192	NEWDATAMART_STG.TRADE_UPDATE_CAB_BUC	STAGING	\N
193	NEWDATAMART_STG.TRADE_UPDATE_CAB_BUC2	STAGING	\N
194	NEWDATAMART_STG.TRADE_UPDATE_CIF	STAGING	\N
195	NEWDATAMART_STG.TRADE_UPDATE_ENTITAS	STAGING	\N
196	NEWDATAMART_STG.TRADE_UPDATE_KLAIM_CAB	STAGING	\N
197	NEWDATAMART_STG.TRADE_UPDATE_KLAIM_REG	STAGING	\N
198	NEWDATAMART_STG.TRADE_UPDATE_KLASIFIKASI	STAGING	\N
199	NEWDATAMART_STG.TRADE_UPDATE_KURS	STAGING	\N
200	NEWDATAMART_STG.TRADE_UPDATE_NAMA_CAB	STAGING	\N
201	NEWDATAMART_STG.TRADE_UPDATE_NAMA_CAB2	STAGING	\N
202	NEWDATAMART_STG.TRADE_VOLUME_OTO_TEMP	STAGING	\N
210	TESTING_ADD	OTHER	testtttt
436	NEWDATAMART_PST.DM_LAPKEU_NEWRMT	DATAMART	
220	NEWDATAMART_STG.EALCO_DPK_PIPELINE_MONITORING	STAGING	Auto-created from n8n lineage for job 'TESTING WORKFLOW 20260212'
221	NEWDATAMART_PST.WDMPORTAL_PIPELINE_FINAL	DATAMART	Auto-created from n8n lineage for job 'TESTING WORKFLOW 20260212'
222	NEWDATAMART_PST.DEV_DPK_H0_DAENG	DATAMART	Auto-created from n8n lineage for job 'TESTING WORKFLOW 20260212'
223	NEWDATAMART_STG.EALCO_DPK_COUNTERRATE_PIPELINE	STAGING	Auto-created from n8n lineage for job 'TESTING WORKFLOW 20260212'
224	NEWDATAMART_PST.WDMPORTAL_PIPELINE_LENDING_FINAL	DATAMART	Auto-created from n8n lineage for job 'TESTING WORKFLOW 20260212'
225	NEWDATAMART_PST.WDMPORTAL_PIPELINE_FINAL_DETAIL	DATAMART	Auto-created from n8n lineage for job 'TESTING WORKFLOW 20260212'
226	NEWDATAMART_PST.WDMPORTAL_PIPELINE	DATAMART	Auto-created from n8n lineage for job 'TESTING WORKFLOW 20260212'
227	NEWDATAMART_PST.WDMPORTAL_PIPELINE_DETAIL	DATAMART	Auto-created from n8n lineage for job 'TESTING WORKFLOW 20260212'
228	NEWDATAMART_PST.WDMPORTAL_PIPELINE_LENDING	DATAMART	Auto-created from n8n lineage for job 'TESTING WORKFLOW 20260212'
229	NEWDATAMART_PST.WDMPORTAL_SETTING_PARAMETER	DATAMART	Auto-created from n8n lineage for job 'TESTING WORKFLOW 20260212'
230	NEWDATAMART_PST.WDMPORTAL_SETTING_PARAM_DTL	DATAMART	Auto-created from n8n lineage for job 'TESTING WORKFLOW 20260212'
231	NEWDATAMART_STG.WDMPORTAL_PIPELINE_FINAL_TEMP	STAGING	Auto-created from n8n lineage for job 'TESTING WORKFLOW 20260212'
232	NEWDATAMART_STG.WDMPORTAL_PIPELINE_LENDING_FINAL_TEMP	STAGING	Auto-created from n8n lineage for job 'TESTING WORKFLOW 20260212'
233	NEWDATAMART_STG.WDMPORTAL_PIPELINE_FINAL_DETAIL_TEMP	STAGING	Auto-created from n8n lineage for job 'TESTING WORKFLOW 20260212'
234	NEWDATAMART_STG.WDMPORTAL_PIPELINE_TEMP	STAGING	Auto-created from n8n lineage for job 'TESTING WORKFLOW 20260212'
235	NEWDATAMART_STG.WDMPORTAL_PIPELINE_DETAIL_TEMP	STAGING	Auto-created from n8n lineage for job 'TESTING WORKFLOW 20260212'
236	NEWDATAMART_STG.WDMPORTAL_PIPELINE_LENDING_TEMP	STAGING	Auto-created from n8n lineage for job 'TESTING WORKFLOW 20260212'
237	NEWDATAMART_STG.WDMPORTAL_SETTING_PARAMETER_TEMP	STAGING	Auto-created from n8n lineage for job 'TESTING WORKFLOW 20260212'
238	NEWDATAMART_STG.WDMPORTAL_SETTING_PARAM_DTL_TEMP	STAGING	Auto-created from n8n lineage for job 'TESTING WORKFLOW 20260212'
239	NEWDATAMART_PST.EALCO_DPK_PIPELINE_MONITORING	DATAMART	Auto-created from n8n lineage for job 'TESTING WORKFLOW 20260212'
240	NEWDATAMART_STG.EALCO_KRD_PIPELINE_MONITORING	STAGING	Auto-created from n8n lineage for job 'TESTING WORKFLOW 20260212'
241	NEWDATAMART_PST.KREDIT	DATAMART	Auto-created from n8n lineage for job 'TESTING WORKFLOW 20260212'
242	NEWDATAMART_PST.KREDIT_H0	DATAMART	Auto-created from n8n lineage for job 'TESTING WORKFLOW 20260212'
243	NEWDATAMART_PST.EALCO_KRD_PIPELINE_MONITORING	DATAMART	Auto-created from n8n lineage for job 'TESTING WORKFLOW 20260212'
244	NEWDATAMART_STG.EALCO_KRD_NLTU_PIPELINE	STAGING	Auto-created from n8n lineage for job 'TESTING WORKFLOW 20260212'
245	PRM.BMSTGCBS_LNPAR2	SOURCE DATA	Auto-created from n8n lineage for job 'TESTING WORKFLOW 20260212'
246	NEWDATAMART_PST.EALCO_KRD_NLTU_PIPELINE	DATAMART	Auto-created from n8n lineage for job 'TESTING WORKFLOW 20260212'
290	NEWDATAMART_PST.DEV_DPK_H0_DAENG_KLN	DATAMART	(Auto Created)
402	NEWDATAMART_PST.AUDIT_TRAIL	DATAMART	Auto-created from n8n lineage for job 'CDP_DMT_WHL_ANOMALI_AGUNAN_DLY_H1'
277	BMDATPRBK.DDMEMO	SOURCE DATA	Auto-created from n8n lineage for job 'DPK_H0_dom_dili_0.1'
278	BMDATPRBK.DDMAST	SOURCE DATA	Auto-created from n8n lineage for job 'DPK_H0_dom_dili_0.1'
279	BMPARP.JHFXDT	SOURCE DATA	Auto-created from n8n lineage for job 'DPK_H0_dom_dili_0.1'
280	DATAQRY.CIF_BANK_FAJAR_OKT19_TEST	STAGING	Auto-created from n8n lineage for job 'DPK_H0_dom_dili_0.1'
281	DMDATPRBK.DDMEMO	SOURCE DATA	Auto-created from n8n lineage for job 'DPK_H0_dom_dili_0.1'
282	DMDATPRBK.DDMAST	SOURCE DATA	Auto-created from n8n lineage for job 'DPK_H0_dom_dili_0.1'
2	NEWDATAMART_PST.DPK	DATAMART	None
283	DATAQRY.DDMAST_FAJAR_TEST	STAGING	Auto-created from n8n lineage for job 'DPK_H0_dom_dili_0.1'
284	BMDATPRBK.CDMEMO	SOURCE DATA	Auto-created from n8n lineage for job 'DPK_H0_dom_dili_0.1'
285	BMDATPRBK.CDMAST	SOURCE DATA	Auto-created from n8n lineage for job 'DPK_H0_dom_dili_0.1'
3	NEWDATAMART_PST.MBC_TRX	DATAMART	None
286	DMDATPRBK.CDMEMO	SOURCE DATA	Auto-created from n8n lineage for job 'DPK_H0_dom_dili_0.1'
211	TESTING_INPUT	OTHER	(Auto Created)
287	DMDATPRBK.CDMAST	SOURCE DATA	Auto-created from n8n lineage for job 'DPK_H0_dom_dili_0.1'
288	BMDATPBWC.CFBICD	SOURCE DATA	Auto-created from n8n lineage for job 'DPK_H0_dom_dili_0.1'
31	AUDIT_TRAIL.MIN_MAX_AUDIT_LOG	DATAMART	\N
30	AUDIT_TRAIL.AUDIT_LOG_OPERATION_JOB	DATAMART	\N
255	ZZ_WBA_APRIN.CPA_2024	OTHER	Auto-created from n8n lineage for job 'TESTING WORKFLOW 20260212'
289	BMDATPRBK.CDTNEW	SOURCE DATA	Auto-created from n8n lineage for job 'DPK_H0_dom_dili_0.1'
403	PROD_BM_BDA_PST.BMSTGCBS_LNMAST	SOURCE DATA	Auto-created from n8n lineage for job 'CDP_DMT_WHL_ANOMALI_AGUNAN_DLY_H1'
404	PROD_BM_BDA_PST.BMSTGCBS_LNCINS	SOURCE DATA	Auto-created from n8n lineage for job 'CDP_DMT_WHL_ANOMALI_AGUNAN_DLY_H1'
405	PROD_BM_BDA_PST.BMSTGCBS_CFCOLD	SOURCE DATA	Auto-created from n8n lineage for job 'CDP_DMT_WHL_ANOMALI_AGUNAN_DLY_H1'
406	PROD_BM_BDA_PST.BMSTGCBS_CFCOLX	SOURCE DATA	Auto-created from n8n lineage for job 'CDP_DMT_WHL_ANOMALI_AGUNAN_DLY_H1'
407	PROD_BM_BDA_PST.BMSTGCBS_CFCOLDE	SOURCE DATA	Auto-created from n8n lineage for job 'CDP_DMT_WHL_ANOMALI_AGUNAN_DLY_H1'
408	PROD_BM_BDA_PST.BMSTGCBS_LNPARD	SOURCE DATA	Auto-created from n8n lineage for job 'CDP_DMT_WHL_ANOMALI_AGUNAN_DLY_H1'
409	PROD_BM_BDA_PST.BMSTGCBS_LNPKNO	SOURCE DATA	Auto-created from n8n lineage for job 'CDP_DMT_WHL_ANOMALI_AGUNAN_DLY_H1'
410	NEWDATAMART_STG.DASHBOARD_ANOMALI_AGUNAN_TMP_3	STAGING	Auto-created from n8n lineage for job 'CDP_DMT_WHL_ANOMALI_AGUNAN_DLY_H1'
411	NEWDATAMART_STG.DASHBOARD_ANOMALI_AGUNAN_TMP_2	STAGING	Auto-created from n8n lineage for job 'CDP_DMT_WHL_ANOMALI_AGUNAN_DLY_H1'
412	PROD_BM_BDA_PST.BMSTGCBS_LNPAR8	SOURCE DATA	Auto-created from n8n lineage for job 'CDP_DMT_WHL_ANOMALI_AGUNAN_DLY_H1'
413	PROD_BM_BDA_PST.BMSTGCBS_LNPARY	SOURCE DATA	Auto-created from n8n lineage for job 'CDP_DMT_WHL_ANOMALI_AGUNAN_DLY_H1'
414	NEWDATAMART_PST.MAPPING_BUC_SEGMEN	DATAMART	Auto-created from n8n lineage for job 'CDP_DMT_WHL_ANOMALI_AGUNAN_DLY_H1'
415	NEWDATAMART_PST.MAPPING_CO_COR	DATAMART	Auto-created from n8n lineage for job 'CDP_DMT_WHL_ANOMALI_AGUNAN_DLY_H1'
416	NEWDATAMART_PST.MAPPING_BOC	DATAMART	Auto-created from n8n lineage for job 'CDP_DMT_WHL_ANOMALI_AGUNAN_DLY_H1'
417	NEWDATAMART_STG.DASHBOARD_ANOMALI_AGUNAN_TMP_1	STAGING	Auto-created from n8n lineage for job 'CDP_DMT_WHL_ANOMALI_AGUNAN_DLY_H1'
419	PROD_BM_BDA_PST.BMSTGCBS_DDDHIS	SOURCE DATA	Auto-created from n8n lineage for job 'CDP_DMT_WHL_KOPRA_SUBSIDI_PRE_REQUISITE_DLY_H1'
420	PROD_BM_BDA_PST.BMSTGUBP_LOG_UBP_TRX	SOURCE DATA	Auto-created from n8n lineage for job 'CDP_DMT_WHL_KOPRA_SUBSIDI_PRE_REQUISITE_DLY_H1'
421	PROD_BM_BDA_PST.BMSTGUBP_LOG_BILL	SOURCE DATA	Auto-created from n8n lineage for job 'CDP_DMT_WHL_KOPRA_SUBSIDI_PRE_REQUISITE_DLY_H1'
422	NEWDATAMART_STG.KOPRA_BANSOS_GET_OUTBOUND	STAGING	Auto-created from n8n lineage for job 'CDP_DMT_WHL_KOPRA_SUBSIDI_PRE_REQUISITE_DLY_H1'
423	NEWDATAMART_STG.KOPRA_BANSOS_GET_DETAILS	STAGING	Auto-created from n8n lineage for job 'CDP_DMT_WHL_KOPRA_SUBSIDI_PRE_REQUISITE_DLY_H1'
424	NEWDATAMART_STG.KOPRA_BANSOS_GET_OUTBOND	STAGING	Auto-created from n8n lineage for job 'CDP_DMT_WHL_KOPRA_SUBSIDI_PRE_REQUISITE_DLY_H1'
425	PROD_BM_BDA_PST.BMSTGCBS_DDTODTL	SOURCE DATA	Auto-created from n8n lineage for job 'CDP_DMT_WHL_KOPRA_SUBSIDI_PRE_REQUISITE_DLY_H1'
426	PROD_BM_BDA_PST.BMSTGICS_ANLINKPF	SOURCE DATA	Auto-created from n8n lineage for job 'CDP_DMT_WHL_KOPRA_SUBSIDI_PRE_REQUISITE_DLY_H1'
4	NEWDATAMART_PST.MCM_KLN_DL_TRX	DATAMART	\N
5	NEWDATAMART_PST.MCM_KLN_DL_TRX_SUMM	DATAMART	\N
6	NEWDATAMART_PST.MCM_KLN_HK_TRX	DATAMART	\N
7	NEWDATAMART_PST.MCM_KLN_HK_TRX_SUMM	DATAMART	\N
8	NEWDATAMART_PST.MCM_KLN_SGP_TRX	DATAMART	\N
9	NEWDATAMART_PST.MCM_KLN_SGP_TRX_SUMM	DATAMART	\N
10	NEWDATAMART_PST.MCM_KLN_SHG_TRX	DATAMART	\N
11	NEWDATAMART_PST.MCM_KLN_SHG_TRX_SUMM	DATAMART	\N
12	NEWDATAMART_PST.TRADE_VOLUME_OTO	DATAMART	\N
15	NEWDATAMART_PST.REFF_KLN_SEGMEN	DATAMART	\N
16	NEWDATAMART_PST.DM_DT	DATAMART	\N
17	NEWDATAMART_PST.DPK_GAB	DATAMART	\N
18	BM_BDA_DANA_PST.DPK_FINAL	DATAMART	\N
22	NEWDATAMART_PST.MBC_REMARK_DAILY	DATAMART	\N
24	NEWDATAMART_PST.MASTER_CUST_BUCBRANCH	DATAMART	\N
25	NEWDATAMART_PST.UREG_MCM_KLN	DATAMART	\N
26	NEWDATAMART_PST.DM_SCM	DATAMART	\N
27	NEWDATAMART_PST.KLAIM_REGION_TRADEVOL	DATAMART	\N
28	NEWDATAMART_PST.MAPPING_CIF_SERVICING	DATAMART	\N
29	SPM_DATA.KREDIT_FINAL	DATAMART	\N
122	PROD_BM_BDA_PST.BMSTGTF_EXCO_MASTER	SOURCE DATA	\N
123	PROD_BM_BDA_PST.BMSTGTF_GTEE_MASTER	SOURCE DATA	\N
124	PROD_BM_BDA_PST.BMSTGTF_IMCO_LEDGER	SOURCE DATA	\N
264	NEWDATAMART_STG.LCD_3	STAGING	Auto-created from n8n lineage for job 'DPK_H0_DOM_DILI_0.1'
35	PRM.PAR_HIERARKI_BUC	SOURCE DATA	\N
265	NEWDATAMART_STG.LCD_0	STAGING	Auto-created from n8n lineage for job 'DPK_H0_DOM_DILI_0.1'
266	NEWDATAMART_STG.DDMEMO	STAGING	Auto-created from n8n lineage for job 'DPK_H0_DOM_DILI_0.1'
267	NEWDATAMART_STG.DDMAST	STAGING	Auto-created from n8n lineage for job 'DPK_H0_DOM_DILI_0.1'
39	PROD_BM_BDA_PST.BMSTGCBS_JHFXDT	SOURCE DATA	\N
268	NEWDATAMART_STG.DDMEMO_DILI	STAGING	Auto-created from n8n lineage for job 'DPK_H0_DOM_DILI_0.1'
269	NEWDATAMART_STG.DDMAST_DILI	STAGING	Auto-created from n8n lineage for job 'DPK_H0_DOM_DILI_0.1'
270	NEWDATAMART_STG.CDMEMO_DILI	STAGING	Auto-created from n8n lineage for job 'DPK_H0_DOM_DILI_0.1'
271	NEWDATAMART_STG.CDMAST_DILI	STAGING	Auto-created from n8n lineage for job 'DPK_H0_DOM_DILI_0.1'
32	BMDWHAUD.VAUDIT_TRAIL_DTL	SOURCE DATA	\N
59	BMSTGCBS.GLINT3	SOURCE DATA	\N
46	BMCNPSTGD.CDPAR2	OTHER	\N
47	BMCNPSTGD.DDPAR2	OTHER	\N
54	BMHKPSTGD.CDPAR2	OTHER	\N
55	BMHKPSTGD.DDPAR2	OTHER	\N
63	BMSTGPAR.PARAM_HIRARKI_BUC	OTHER	\N
64	BMSTGPAR.PAR_PRODUK_CASA	OTHER	\N
65	BMSTGPDAY.CDPAR2	OTHER	\N
66	BMSTGPDAY.DDPAR2	OTHER	\N
68	DMSTGPDAY.CDPAR2	OTHER	\N
69	DMSTGPDAY.DDPAR2	OTHER	\N
70	PRM.PAR_PRODUK_TAB	SOURCE DATA	\N
71	PROD_BM_BDA_PST.BMSTGUBP_M_CHANNELS	SOURCE DATA	\N
72	PROD_BM_BDA_PST.BMSTGUBP_M_COMPANY	SOURCE DATA	\N
73	PROD_BM_BDA_PST.BMSTGUBP_M_COMPANY_ACCOUNTS	SOURCE DATA	\N
74	PROD_BM_BDA_PST.BMSTGUBP_M_COMPANY_CHANNEL	SOURCE DATA	\N
75	PROD_BM_BDA_PST.BMSTGUBP_MST_CHANNELS_V2	SOURCE DATA	\N
76	PROD_BM_BDA_PST.BMSTGUBP_MST_COMPANY_ACCOUNTS_V2	SOURCE DATA	\N
77	PROD_BM_BDA_PST.BMSTGUBP_MST_COMPANY_CHANNELS_V2	SOURCE DATA	\N
78	PROD_BM_BDA_PST.BMSTGUBP_MST_COMPANY_V2	SOURCE DATA	\N
79	PROD_BM_BDA_PST.BMSTGUBP_MST_COMPANY_WHITELIST_V2	SOURCE DATA	\N
80	PROD_BM_BDA_PST.BMSTGUBP_MST_GROUP_TASK	SOURCE DATA	\N
81	PROD_BM_BDA_PST.BMSTGCBS_DDMAST	SOURCE DATA	\N
82	PROD_BM_BDA_PST.MCM_KLN_DL_ACCT_ACCT	SOURCE DATA	\N
83	PROD_BM_BDA_PST.MCM_KLN_DL_LOG_CRP_EXECUTION	SOURCE DATA	\N
84	PROD_BM_BDA_PST.MCM_KLN_DL_LOG_CRP_FIN_ACTV	SOURCE DATA	\N
85	PROD_BM_BDA_PST.MCM_KLN_DL_PC_BASE_FT_MASTER	SOURCE DATA	\N
86	PROD_BM_BDA_PST.MCM_KLN_DL_PCC_CORP	SOURCE DATA	\N
87	PROD_BM_BDA_PST.MCM_KLN_DL_PCC_CORP_ACCT	SOURCE DATA	\N
88	PROD_BM_BDA_PST.MCM_KLN_DL_SP_PROD_SRVC	SOURCE DATA	\N
89	PROD_BM_BDA_PST.MCM_KLN_HK_ACCT_ACCT	SOURCE DATA	\N
90	PROD_BM_BDA_PST.MCM_KLN_HK_LOG_CRP_EXECUTION	SOURCE DATA	\N
91	PROD_BM_BDA_PST.MCM_KLN_HK_LOG_CRP_FIN_ACTV	SOURCE DATA	\N
92	PROD_BM_BDA_PST.MCM_KLN_HK_PC_BASE_FT_MASTER	SOURCE DATA	\N
93	PROD_BM_BDA_PST.MCM_KLN_HK_PCC_CORP	SOURCE DATA	\N
94	PROD_BM_BDA_PST.MCM_KLN_HK_PCC_CORP_ACCT	SOURCE DATA	\N
95	PROD_BM_BDA_PST.MCM_KLN_HK_SP_PROD_SRVC	SOURCE DATA	\N
96	PROD_BM_BDA_PST.MCM_KLN_SGP_ACCT_ACCT	SOURCE DATA	\N
97	PROD_BM_BDA_PST.MCM_KLN_SGP_LOG_CRP_EXECUTION	SOURCE DATA	\N
98	PROD_BM_BDA_PST.MCM_KLN_SGP_LOG_CRP_FIN_ACTV	SOURCE DATA	\N
99	PROD_BM_BDA_PST.MCM_KLN_SGP_PC_BASE_FT_MSTR	SOURCE DATA	\N
100	PROD_BM_BDA_PST.MCM_KLN_SGP_PCC_CORP	SOURCE DATA	\N
101	PROD_BM_BDA_PST.MCM_KLN_SGP_PCC_CORP_ACCT	SOURCE DATA	\N
102	PROD_BM_BDA_PST.MCM_KLN_SGP_SP_PROD_SRVC	SOURCE DATA	\N
103	PROD_BM_BDA_PST.MCM_KLN_SH_ACCT_ACCT	SOURCE DATA	\N
104	PROD_BM_BDA_PST.MCM_KLN_SH_LOG_CRP_EXECUTION	SOURCE DATA	\N
105	PROD_BM_BDA_PST.MCM_KLN_SH_LOG_CRP_FIN_ACTV	SOURCE DATA	\N
106	PROD_BM_BDA_PST.MCM_KLN_SH_PC_BASE_FT_MASTER	SOURCE DATA	\N
107	PROD_BM_BDA_PST.MCM_KLN_SH_PCC_CORP	SOURCE DATA	\N
108	PROD_BM_BDA_PST.MCM_KLN_SH_PCC_CORP_ACCT	SOURCE DATA	\N
109	PROD_BM_BDA_PST.MCM_KLN_SH_SP_PROD_SRVC	SOURCE DATA	\N
110	PROD_BM_BDA_PST.BMSTGCBS_CFACCT	SOURCE DATA	\N
111	PROD_BM_BDA_PST.BMSTGCBS_CFMAST	SOURCE DATA	\N
112	PROD_BM_BDA_PST.BMSTGSCM_TCDA_COMPANY	SOURCE DATA	\N
113	PROD_BM_BDA_PST.BMSTGSCM_TCDA_CUSTACCT	SOURCE DATA	\N
114	PROD_BM_BDA_PST.BMSTGTF_ARFM_MASTER	SOURCE DATA	\N
115	PROD_BM_BDA_PST.BMSTGTF_BBFM_MASTER	SOURCE DATA	\N
116	PROD_BM_BDA_PST.BMSTGTF_BMTR_MASTER	SOURCE DATA	\N
117	PROD_BM_BDA_PST.BMSTGTF_CFNC_MAIN	SOURCE DATA	\N
118	PROD_BM_BDA_PST.BMSTGTF_EPLC_EM_NEGO	SOURCE DATA	\N
119	PROD_BM_BDA_PST.BMSTGTF_EPLC_EM_STL	SOURCE DATA	\N
120	PROD_BM_BDA_PST.BMSTGTF_EPLC_LEDGER	SOURCE DATA	\N
121	PROD_BM_BDA_PST.BMSTGTF_EPLC_MASTER	SOURCE DATA	\N
125	PROD_BM_BDA_PST.BMSTGTF_IMCO_MASTER	SOURCE DATA	\N
126	PROD_BM_BDA_PST.BMSTGTF_IPLC_EM_AMD	SOURCE DATA	\N
127	PROD_BM_BDA_PST.BMSTGTF_IPLC_EM_NEGO	SOURCE DATA	\N
128	PROD_BM_BDA_PST.BMSTGTF_IPLC_EM_STL	SOURCE DATA	\N
129	PROD_BM_BDA_PST.BMSTGTF_IPLC_LEDGER	SOURCE DATA	\N
130	PROD_BM_BDA_PST.BMSTGTF_IPLC_MASTER	SOURCE DATA	\N
131	PROD_BM_BDA_PST.BMSTGTF_PEFM_MASTER	SOURCE DATA	\N
132	PROD_BM_BDA_PST.BMSTGTF_SEC_USER_INFO	SOURCE DATA	\N
133	PROD_BM_BDA_PST.BMSTGTF_SHGT_MASTER	SOURCE DATA	\N
56	BMSTGCBS.CDMAST	SOURCE DATA	\N
57	BMSTGCBS.CFBICD	SOURCE DATA	\N
58	BMSTGCBS.DDYINM	SOURCE DATA	\N
62	BMSTGCBS.LNMAST	SOURCE DATA	\N
60	BMSTGCBS.GLMAST	SOURCE DATA	\N
33	AUDIT_TRAIL.AUDIT_LOG	DATAMART	\N
48	BMDWHWMS.DIM_ACCOUNT	SOURCE DATA	\N
50	BMDWHWMS.DIM_BUSINESS_PARTNER	SOURCE DATA	\N
51	BMDWHWMS.DIM_CUSTOMER	SOURCE DATA	\N
49	BMDWHWMS.DIM_BRANCH	SOURCE DATA	\N
67	BMSTGWMS.BMAP	SOURCE DATA	\N
52	BMDWHWMS.DIM_PRODUCT	SOURCE DATA	\N
61	BMSTGCBS.JHFXDT	SOURCE DATA	\N
272	NEWDATAMART_STG.CDMEMO	STAGING	Auto-created from n8n lineage for job 'DPK_H0_DOM_DILI_0.1'
273	NEWDATAMART_STG.CDMAST	STAGING	Auto-created from n8n lineage for job 'DPK_H0_DOM_DILI_0.1'
274	NEWDATAMART_STG.CDTNEWMO	STAGING	Auto-created from n8n lineage for job 'DPK_H0_DOM_DILI_0.1'
275	NEWDATAMART_STG.LCD_1	STAGING	Auto-created from n8n lineage for job 'DPK_H0_DOM_DILI_0.1'
276	NEWDATAMART_STG.LCD_2	STAGING	Auto-created from n8n lineage for job 'DPK_H0_DOM_DILI_0.1'
258	WDMPORTAL.PIPELINE_FINAL_DETAIL	OTHER	Auto-created from n8n lineage for job 'CDP_DMT_WHL_EALCO_DLY_H0_TEST1'
259	WDMPORTAL.PIPELINE	OTHER	Auto-created from n8n lineage for job 'CDP_DMT_WHL_EALCO_DLY_H0_TEST1'
260	WDMPORTAL.PIPELINE_DETAIL	OTHER	Auto-created from n8n lineage for job 'CDP_DMT_WHL_EALCO_DLY_H0_TEST1'
261	WDMPORTAL.PIPELINE_LENDING	OTHER	Auto-created from n8n lineage for job 'CDP_DMT_WHL_EALCO_DLY_H0_TEST1'
262	WDMPORTAL.SETTING_PARAMETER	OTHER	Auto-created from n8n lineage for job 'CDP_DMT_WHL_EALCO_DLY_H0_TEST1'
256	WDMPORTAL.PIPELINE_FINAL	OTHER	Auto-created from n8n lineage for job 'CDP_DMT_WHL_EALCO_DLY_H0_TEST1'
263	WDMPORTAL.SETTING_PARAMETER_DETAIL	OTHER	Auto-created from n8n lineage for job 'CDP_DMT_WHL_EALCO_DLY_H0_TEST1'
291	NEWDATAMART_STG.DPK_SG_SGD_DDMAST	STAGING	Auto-created from n8n lineage for job 'DPK_H0_KLN'
292	PROD_BM_BDA_PST.DANA_KLNSG_SGD_SDDATPRBK_DDMAST	SOURCE DATA	Auto-created from n8n lineage for job 'DPK_H0_KLN'
293	PROD_BM_BDA_PST.BMODSCBS_JHFXDT	SOURCE DATA	Auto-created from n8n lineage for job 'DPK_H0_KLN'
203	NEWDATAMART_PST.DPK_KREDIT	DATAMART	\N
204	NEWDATAMART_PST.DM_COFYOL_DAILY	DATAMART	\N
207	final_report	OTHER	
218	NEWDATAMART_PST.EALCO_DPK_COUNTERRATE_PIPELINE	DATAMART	(Auto Created)
34	PRM.BRANCH	SOURCE DATA	\N
138	NEWDATAMART_STG.CFBICD_ORA	STAGING	\N
139	NEWDATAMART_STG.DDMAST_ORA	STAGING	\N
140	NEWDATAMART_STG.DDYINM	STAGING	\N
141	NEWDATAMART_STG.DPK_RAW_ORA	STAGING	\N
142	NEWDATAMART_STG.DPK_RAW_TAHAP1_ORA	STAGING	\N
143	NEWDATAMART_STG.DPK_RAW_TAHAP2_ORA	STAGING	\N
144	NEWDATAMART_STG.GLINT_ORA	STAGING	\N
145	NEWDATAMART_STG.GLMAST_ORA	STAGING	\N
146	NEWDATAMART_STG.LNMAST_ORA	STAGING	\N
147	NEWDATAMART_STG.MAPPING_BUC_WMCORE_NEW1	STAGING	\N
148	NEWDATAMART_STG.MAPPING_BUC_WMCORE_STEP2	STAGING	\N
149	NEWDATAMART_STG.PAR	STAGING	\N
150	NEWDATAMART_STG.STEP10_ORA	STAGING	\N
151	NEWDATAMART_STG.STEP11_ORA	STAGING	\N
152	NEWDATAMART_STG.STEP12_ORA	STAGING	\N
153	NEWDATAMART_STG.STEP13_ORA	STAGING	\N
154	NEWDATAMART_STG.STEP14A_ORA	STAGING	\N
155	NEWDATAMART_STG.STEP14B_ORA	STAGING	\N
156	NEWDATAMART_STG.STEP14C_ORA	STAGING	\N
157	NEWDATAMART_STG.STEP14_ORA	STAGING	\N
158	NEWDATAMART_STG.STEP15A_ORA	STAGING	\N
159	NEWDATAMART_STG.STEP15_ORA	STAGING	\N
160	NEWDATAMART_STG.STEP16_ORA	STAGING	\N
161	NEWDATAMART_STG.STEP17_ORA	STAGING	\N
162	NEWDATAMART_STG.STEP18_ORA	STAGING	\N
163	NEWDATAMART_STG.STEP9A_ORA	STAGING	\N
164	NEWDATAMART_STG.STEP9B_ORA	STAGING	\N
165	NEWDATAMART_STG.STEP9C_ORA	STAGING	\N
166	NEWDATAMART_STG.STEP9D_ORA	STAGING	\N
167	NEWDATAMART_STG.STEP9_ORA	STAGING	\N
168	NEWDATAMART_STG.WMCORE_ORA	STAGING	\N
169	NEWDATAMART_STG.WMCORE_ORA_CLEAN	STAGING	\N
170	NEWDATAMART_STG.MBC_DLY_CHANNEL_NEWUBP	STAGING	\N
171	NEWDATAMART_STG.MBC_DLY_CHANNEL_OLDUBP	STAGING	\N
172	NEWDATAMART_STG.MBC_DLY_COMPANY_ACC	STAGING	\N
173	NEWDATAMART_STG.MBC_DLY_COMPANY_ACC_V2	STAGING	\N
294	PROD_BM_BDA_PST.DANA_BMDATPBWC_CFBICD	SOURCE DATA	Auto-created from n8n lineage for job 'DPK_H0_KLN'
295	PROD_BM_BDA_PST.DANA_KLNSG_SGD_SDDATPRBK_DDMEMO	SOURCE DATA	Auto-created from n8n lineage for job 'DPK_H0_KLN'
296	NEWDATAMART_STG.DPK_SG_SGD_DDMEMO	STAGING	Auto-created from n8n lineage for job 'DPK_H0_KLN'
297	NEWDATAMART_STG.DPK_SG_SGD_CDMAST	STAGING	Auto-created from n8n lineage for job 'DPK_H0_KLN'
298	PROD_BM_BDA_PST.DANA_KLNSG_SGD_SDDATPRBK_CDMAST	SOURCE DATA	Auto-created from n8n lineage for job 'DPK_H0_KLN'
299	PROD_BM_BDA_PST.DANA_KLNSG_SGD_SDDATPRBK_CDMEMO	SOURCE DATA	Auto-created from n8n lineage for job 'DPK_H0_KLN'
300	NEWDATAMART_STG.DPK_SG_SGD_CDMEMO	STAGING	Auto-created from n8n lineage for job 'DPK_H0_KLN'
301	PROD_BM_BDA_PST.DANA_KLNSG_USD_SADATPRBK_CDMAST	SOURCE DATA	Auto-created from n8n lineage for job 'DPK_H0_KLN'
302	NEWDATAMART_STG.DPK_SG_USD_DDMAST	STAGING	Auto-created from n8n lineage for job 'DPK_H0_KLN'
303	PROD_BM_BDA_PST.DANA_KLNSG_USD_SADATPRBK_DDMAST	SOURCE DATA	Auto-created from n8n lineage for job 'DPK_H0_KLN'
304	PROD_BM_BDA_PST.DANA_KLNSG_USD_SADATPRBK_DDMEMO	SOURCE DATA	Auto-created from n8n lineage for job 'DPK_H0_KLN'
305	NEWDATAMART_STG.DPK_SG_USD_DDMEMO	STAGING	Auto-created from n8n lineage for job 'DPK_H0_KLN'
306	NEWDATAMART_STG.DPK_SG_USD_CDMAST	STAGING	Auto-created from n8n lineage for job 'DPK_H0_KLN'
307	PROD_BM_BDA_PST.DANA_KLNSG_USD_SADATPRBK_CDMEMO	SOURCE DATA	Auto-created from n8n lineage for job 'DPK_H0_KLN'
308	NEWDATAMART_STG.DPK_SG_USD_CDMEMO	STAGING	Auto-created from n8n lineage for job 'DPK_H0_KLN'
309	NEWDATAMART_STG.DPK_HK_DDMAST	STAGING	Auto-created from n8n lineage for job 'DPK_H0_KLN'
310	PROD_BM_BDA_PST.DANA_KLNHK_TUDATPRBK_DDMAST	SOURCE DATA	Auto-created from n8n lineage for job 'DPK_H0_KLN'
311	PROD_BM_BDA_PST.DANA_KLNHK_TUDATPRBK_DDMEMO	SOURCE DATA	Auto-created from n8n lineage for job 'DPK_H0_KLN'
312	NEWDATAMART_STG.DPK_HK_DDMEMO	STAGING	Auto-created from n8n lineage for job 'DPK_H0_KLN'
313	NEWDATAMART_STG.DPK_HK_CDMAST	STAGING	Auto-created from n8n lineage for job 'DPK_H0_KLN'
314	PROD_BM_BDA_PST.DANA_KLNHK_TUDATPRBK_CDMAST	SOURCE DATA	Auto-created from n8n lineage for job 'DPK_H0_KLN'
315	PROD_BM_BDA_PST.DANA_KLNHK_TUDATPRBK_CDMEMO	SOURCE DATA	Auto-created from n8n lineage for job 'DPK_H0_KLN'
316	NEWDATAMART_STG.DPK_HK_CDMEMO	STAGING	Auto-created from n8n lineage for job 'DPK_H0_KLN'
317	NEWDATAMART_STG.DPK_SH_CNY_DDMAST	STAGING	Auto-created from n8n lineage for job 'DPK_H0_KLN'
318	PROD_BM_BDA_PST.DANA_KLNSH_CNY_CRDATPRBK_DDMAST	SOURCE DATA	Auto-created from n8n lineage for job 'DPK_H0_KLN'
319	PROD_BM_BDA_PST.DANA_KLNSH_CNY_CRDATPRBK_DDMEMO	SOURCE DATA	Auto-created from n8n lineage for job 'DPK_H0_KLN'
320	NEWDATAMART_STG.DPK_SH_CNY_DDMEMO	STAGING	Auto-created from n8n lineage for job 'DPK_H0_KLN'
321	NEWDATAMART_STG.DPK_SH_CNY_CDMAST	STAGING	Auto-created from n8n lineage for job 'DPK_H0_KLN'
322	PROD_BM_BDA_PST.DANA_KLNSH_CNY_CRDATPRBK_CDMAST	SOURCE DATA	Auto-created from n8n lineage for job 'DPK_H0_KLN'
323	PROD_BM_BDA_PST.DANA_KLNSH_CNY_CRDATPRBK_CDMEMO	SOURCE DATA	Auto-created from n8n lineage for job 'DPK_H0_KLN'
324	NEWDATAMART_STG.DPK_SH_CNY_CDMEMO	STAGING	Auto-created from n8n lineage for job 'DPK_H0_KLN'
325	NEWDATAMART_STG.DPK_SH_USD_DDMAST	STAGING	Auto-created from n8n lineage for job 'DPK_H0_KLN'
326	PROD_BM_BDA_PST.DANA_KLNSH_USD_CUDATPRBK_DDMAST	SOURCE DATA	Auto-created from n8n lineage for job 'DPK_H0_KLN'
327	PROD_BM_BDA_PST.DANA_KLNSH_USD_CUDATPRBK_DDMEMO	SOURCE DATA	Auto-created from n8n lineage for job 'DPK_H0_KLN'
328	NEWDATAMART_STG.DPK_SH_USD_DDMEMO	STAGING	Auto-created from n8n lineage for job 'DPK_H0_KLN'
329	NEWDATAMART_STG.DPK_SH_USD_CDMAST	STAGING	Auto-created from n8n lineage for job 'DPK_H0_KLN'
330	PROD_BM_BDA_PST.DANA_KLNSH_USD_CUDATPRBK_CDMAST	SOURCE DATA	Auto-created from n8n lineage for job 'DPK_H0_KLN'
331	PROD_BM_BDA_PST.DANA_KLNSH_USD_CUDATPRBK_CDMEMO	SOURCE DATA	Auto-created from n8n lineage for job 'DPK_H0_KLN'
332	NEWDATAMART_STG.DPK_SH_USD_CDMEMO	STAGING	Auto-created from n8n lineage for job 'DPK_H0_KLN'
333	NEWDATAMART_STG.DPK_H0_KLN_STEP1	STAGING	Auto-created from n8n lineage for job 'DPK_H0_KLN'
334	NEWDATAMART_STG.DPK_H0_KLN_STEP2	STAGING	Auto-created from n8n lineage for job 'DPK_H0_KLN'
335	NEWDATAMART_STG.DPK_H0_KLN_STEP3	STAGING	Auto-created from n8n lineage for job 'DPK_H0_KLN'
336	PRM.BUC	SOURCE DATA	Auto-created from n8n lineage for job 'DPK_H0_KLN'
337	NEWDATAMART_STG.DPK_H0_KLN_STEP4	STAGING	Auto-created from n8n lineage for job 'DPK_H0_KLN'
339	STRING.VALUEOF(GLOBALMAP.GET(DATABASE_NAME_STG)).DEV_DPK_H0_DAENG_KLN	OTHER	Auto-created from n8n lineage for job 'DPK_H0_KLN'
340	NEWDATAMART_STG.KRD_DIL_H0	STAGING	Auto-created from n8n lineage for job 'DMT_RTL_KRD_H0'
341	NEWDATAMART_STG.LOAN_MKR_1	STAGING	Auto-created from n8n lineage for job 'DMT_RTL_KRD_H0'
342	NEWDATAMART_STG.KREDITH0_EMAS_KLN	STAGING	Auto-created from n8n lineage for job 'DMT_RTL_KRD_H0'
343	PROD_BM_BDA_PST.KREDIT_KLNSG_SGD_SDDATPLNS_LNMAST	SOURCE DATA	Auto-created from n8n lineage for job 'DMT_RTL_KRD_H0'
344	PROD_BM_BDA_PST.KREDIT_KLNSG_SGD_SDDATPLNS_LNMEMO	SOURCE DATA	Auto-created from n8n lineage for job 'DMT_RTL_KRD_H0'
345	PROD_BM_BDA_PST.KREDIT_KLNSG_SGD_SDDATPLNS_LNBICD	SOURCE DATA	Auto-created from n8n lineage for job 'DMT_RTL_KRD_H0'
346	PROD_BM_BDA_PST.KREDIT_KLNSG_USD_SADATPLNS_LNMAST	SOURCE DATA	Auto-created from n8n lineage for job 'DMT_RTL_KRD_H0'
347	PROD_BM_BDA_PST.KREDIT_KLNSG_USD_SADATPLNS_LNMEMO	SOURCE DATA	Auto-created from n8n lineage for job 'DMT_RTL_KRD_H0'
348	PROD_BM_BDA_PST.KREDIT_KLNSG_USD_SADATPLNS_LNBICD	SOURCE DATA	Auto-created from n8n lineage for job 'DMT_RTL_KRD_H0'
349	PROD_BM_BDA_PST.KREDIT_KLNSG_USD_SADATPLNS_LNTNEW	SOURCE DATA	Auto-created from n8n lineage for job 'DMT_RTL_KRD_H0'
350	PROD_BM_BDA_PST.KREDIT_KLNSH_USD_CUDATPLNS_LNMAST	SOURCE DATA	Auto-created from n8n lineage for job 'DMT_RTL_KRD_H0'
351	PROD_BM_BDA_PST.KREDIT_KLNSH_USD_CUDATPLNS_LNMEMO	SOURCE DATA	Auto-created from n8n lineage for job 'DMT_RTL_KRD_H0'
352	PROD_BM_BDA_PST.KREDIT_KLNSH_USD_CUDATPLNS_LNBICD	SOURCE DATA	Auto-created from n8n lineage for job 'DMT_RTL_KRD_H0'
353	PROD_BM_BDA_PST.KREDIT_KLNSH_USD_CUDATPLNS_LNTNEW	SOURCE DATA	Auto-created from n8n lineage for job 'DMT_RTL_KRD_H0'
354	PROD_BM_BDA_PST.KREDIT_KLNSH_CNY_CRDATPLNS_LNMAST	SOURCE DATA	Auto-created from n8n lineage for job 'DMT_RTL_KRD_H0'
355	PROD_BM_BDA_PST.KREDIT_KLNSH_CNY_CRDATPLNS_LNMEMO	SOURCE DATA	Auto-created from n8n lineage for job 'DMT_RTL_KRD_H0'
356	PROD_BM_BDA_PST.KREDIT_KLNSH_CNY_CRDATPLNS_LNBICD	SOURCE DATA	Auto-created from n8n lineage for job 'DMT_RTL_KRD_H0'
357	PROD_BM_BDA_PST.KREDIT_KLNSH_CNY_CRDATPLNS_LNTNEW	SOURCE DATA	Auto-created from n8n lineage for job 'DMT_RTL_KRD_H0'
358	PROD_BM_BDA_PST.KREDIT_KLNHK_TUDATPLNS_LNMAST	SOURCE DATA	Auto-created from n8n lineage for job 'DMT_RTL_KRD_H0'
359	PROD_BM_BDA_PST.KREDIT_KLNHK_TUDATPLNS_LNMEMO	SOURCE DATA	Auto-created from n8n lineage for job 'DMT_RTL_KRD_H0'
360	PROD_BM_BDA_PST.KREDIT_KLNHK_TUDATPLNS_LNBICD	SOURCE DATA	Auto-created from n8n lineage for job 'DMT_RTL_KRD_H0'
361	PROD_BM_BDA_PST.KREDIT_KLNHK_TUDATPLNS_LNTNEW	SOURCE DATA	Auto-created from n8n lineage for job 'DMT_RTL_KRD_H0'
362	NEWDATAMART_STG.KREDITH0_SCM	STAGING	Auto-created from n8n lineage for job 'DMT_RTL_KRD_H0'
363	NEWDATAMART_STG.KREDITH0_NTF_ALL	STAGING	Auto-created from n8n lineage for job 'DMT_RTL_KRD_H0'
364	NEWDATAMART_STG.KREDITH0_GDE_GDM	STAGING	Auto-created from n8n lineage for job 'DMT_RTL_KRD_H0'
365	PROD_BM_BDA_PST.KREDIT_SCM_TCLS_LOANEXT	SOURCE DATA	Auto-created from n8n lineage for job 'DMT_RTL_KRD_H0'
366	PROD_BM_BDA_PST.KREDIT_SCM_TCLS_LOAN	SOURCE DATA	Auto-created from n8n lineage for job 'DMT_RTL_KRD_H0'
367	PROD_BM_BDA_PST.KREDIT_SCM_TCDA_COMPANY	SOURCE DATA	Auto-created from n8n lineage for job 'DMT_RTL_KRD_H0'
368	NEWDATAMART_STG.GLSCM	STAGING	Auto-created from n8n lineage for job 'DMT_RTL_KRD_H0'
369	PROD_BM_BDA_PST.BMSTGSCM_TRMS_LIMIT	SOURCE DATA	Auto-created from n8n lineage for job 'DMT_RTL_KRD_H0'
370	PROD_BM_BDA_PST.BMSTGLOSMCR_VW_ACTIVATION_MAIN	SOURCE DATA	Auto-created from n8n lineage for job 'DMT_RTL_KRD_H0'
53	BMDWHWMS.FACT_WM_POSITION	SOURCE DATA	\N
398	BMSTGCBS.CDPAR2	SOURCE DATA	Auto-created from n8n lineage for job 'CDP_DMT_WHL_DPK_DLY_H1_2025_0.1'
371	PROD_BM_BDA_PST.BMSTGLOSMCR_VW_APPINFO	SOURCE DATA	Auto-created from n8n lineage for job 'DMT_RTL_KRD_H0'
372	PROD_BM_BDA_PST.KREDIT_NTFDOM_EXIMTRX_BMTR_MASTER	SOURCE DATA	Auto-created from n8n lineage for job 'DMT_RTL_KRD_H0'
373	PROD_BM_BDA_PST.KREDIT_NTFDOM_EXIMSYS_CFNC_MAIN	SOURCE DATA	Auto-created from n8n lineage for job 'DMT_RTL_KRD_H0'
374	PROD_BM_BDA_PST.KREDIT_NTFDOM_EXIMTRX_STAT_MASTER	SOURCE DATA	Auto-created from n8n lineage for job 'DMT_RTL_KRD_H0'
375	PROD_BM_BDA_PST.KREDIT_NTFDOM_EXIMTRX_BMPD_MASTER	SOURCE DATA	Auto-created from n8n lineage for job 'DMT_RTL_KRD_H0'
376	PROD_BM_BDA_PST.BMSTGTF_BANK_MASTER	SOURCE DATA	Auto-created from n8n lineage for job 'DMT_RTL_KRD_H0'
377	PROD_BM_BDA_PST.KREDIT_NTFSH_EXIMTRX_EPLC_EM_NEGO	SOURCE DATA	Auto-created from n8n lineage for job 'DMT_RTL_KRD_H0'
378	PROD_BM_BDA_PST.KREDIT_NTFSH_EXIMTRX_EPLC_MASTER	SOURCE DATA	Auto-created from n8n lineage for job 'DMT_RTL_KRD_H0'
379	PROD_BM_BDA_PST.KREDIT_NTFSH_EXIMTRX_STAT_MASTER	SOURCE DATA	Auto-created from n8n lineage for job 'DMT_RTL_KRD_H0'
380	PROD_BM_BDA_PST.KREDIT_NTFSH_EXIMSYS_CFNC_MAIN	SOURCE DATA	Auto-created from n8n lineage for job 'DMT_RTL_KRD_H0'
381	PROD_BM_BDA_PST.KREDIT_NTFHK_EXIMTRX_BBFM_MASTER	SOURCE DATA	Auto-created from n8n lineage for job 'DMT_RTL_KRD_H0'
382	PROD_BM_BDA_PST.KREDIT_NTFHK_EXIMSYS_CFNC_MAIN	SOURCE DATA	Auto-created from n8n lineage for job 'DMT_RTL_KRD_H0'
383	PROD_BM_BDA_PST.KREDIT_NTFSG_EXIMTRX_BMTR_MASTER	SOURCE DATA	Auto-created from n8n lineage for job 'DMT_RTL_KRD_H0'
384	PROD_BM_BDA_PST.KREDIT_NTFSG_EXIMTRX_EXCO_MASTER	SOURCE DATA	Auto-created from n8n lineage for job 'DMT_RTL_KRD_H0'
385	PROD_BM_BDA_PST.KREDIT_NTFSG_EXIMTRX_PEFM_MASTER	SOURCE DATA	Auto-created from n8n lineage for job 'DMT_RTL_KRD_H0'
386	PROD_BM_BDA_PST.KREDIT_NTFSG_EXIMTRX_ARFM_MASTER	SOURCE DATA	Auto-created from n8n lineage for job 'DMT_RTL_KRD_H0'
387	PROD_BM_BDA_PST.KREDIT_NTFSG_EXIMTRX_STAT_MASTER	SOURCE DATA	Auto-created from n8n lineage for job 'DMT_RTL_KRD_H0'
388	PROD_BM_BDA_PST.KREDIT_NTFSG_EXIMSYS_CFNC_MAIN	SOURCE DATA	Auto-created from n8n lineage for job 'DMT_RTL_KRD_H0'
389	BMDATPLNS.LNBICD	SOURCE DATA	Auto-created from n8n lineage for job 'DMT_RTL_KRD_H0'
390	BMDATPLNS.LNTNEW	SOURCE DATA	Auto-created from n8n lineage for job 'DMT_RTL_KRD_H0'
391	DMDATPLNS.LNMAST	SOURCE DATA	Auto-created from n8n lineage for job 'DMT_RTL_KRD_H0'
392	DMDATPLNS.LNMEMO	SOURCE DATA	Auto-created from n8n lineage for job 'DMT_RTL_KRD_H0'
393	DMDATPLNS.LNBICD	SOURCE DATA	Auto-created from n8n lineage for job 'DMT_RTL_KRD_H0'
394	DMDATPLNS.LNTNEW	SOURCE DATA	Auto-created from n8n lineage for job 'DMT_RTL_KRD_H0'
395	BMDATPLNS.LNMAST	SOURCE DATA	Auto-created from n8n lineage for job 'DMT_RTL_KRD_H0'
396	BMDATPLNS.LNMEMO	SOURCE DATA	Auto-created from n8n lineage for job 'DMT_RTL_KRD_H0'
338	ZZ_IMT_DIMAS.PAR_SEGMEN	STAGING	Auto-created from n8n lineage for job 'DPK_H0_KLN'
427	PROD_BM_BDA_PST.BMSTGICS_KORTRGPF	SOURCE DATA	Auto-created from n8n lineage for job 'CDP_DMT_WHL_KOPRA_SUBSIDI_PRE_REQUISITE_DLY_H1'
397	NEWDATAMART_STG.PAR_PROD	STAGING	Auto-created from n8n lineage for job 'CDP_DMT_WHL_DPK_DLY_H1_2025_0.1'
428	NEWDATAMART_STG.SUBSIDI_BASE_MDM_DDMAST	STAGING	Auto-created from n8n lineage for job 'CDP_DMT_WHL_KOPRA_SUBSIDI_PRE_REQUISITE_DLY_H1'
429	PROD_BM_BDA_PST.BMSTGCBS_CFALTN	SOURCE DATA	Auto-created from n8n lineage for job 'CDP_DMT_WHL_KOPRA_SUBSIDI_PRE_REQUISITE_DLY_H1'
437	NEWDATAMART_PST.DM_FBI_NEWRMT	DATAMART	
440	NEWDATAMART_PST.PEER_ANALISIS_NEWRMT	DATAMART	
399	BMSTGCBS.DDPAR2	SOURCE DATA	Auto-created from n8n lineage for job 'CDP_DMT_WHL_DPK_DLY_H1_2025_0.1'
400	BMSTGCBS.DDMAST	SOURCE DATA	Auto-created from n8n lineage for job 'DMT_WHL_DDMAST_ORA_DLY_H1'
257	WDMPORTAL.PIPELINE_LENDING_FINAL	OTHER	Auto-created from n8n lineage for job 'CDP_DMT_WHL_EALCO_DLY_H0_TEST1'
254	PROD_BM_BDA_STG.BMSTGCBS_CFMAST_TEMP	STAGING	Auto-created from n8n lineage for job 'TESTING WORKFLOW 20260212'
597	NEWDATAMART_PST.PEER_ANALISIS_NEWRMT_HIST	DATAMART	(Auto Created)
438	NEWDATAMART_PST.DM_STOCKHOLDER_NEWRMT	DATAMART	
501	NEWDATAMART_PST.DM_ECOSYSTEM_NEWRMT_HIST	DATAMART	
502	NEWDATAMART_PST.DM_NEWS_NEWRMT	DATAMART	
503	NEWDATAMART_PST.DM_TALKING_POINTS_NEWRMT	DATAMART	
504	NEWDATAMART_PST.DM_BANK_SUMM_NEWRMT_HIST	DATAMART	(Auto Created)
505	NEWDATAMART_PST.DM_CUSTOMER_NEWRMT_HIST	DATAMART	(Auto Created)
506	NEWDATAMART_PST.WALLET_SHARE_NEWRMT	DATAMART	(Auto Created)
507	NEWDATAMART_PST.DM_TRANSACTION_NEWRMT_HIST	DATAMART	(Auto Created)
508	NEWDATAMART_PST.DM_DPK_NEWRMT_HIST	DATAMART	(Auto Created)
509	NEWDATAMART_PST.DM_KREDIT_NEWRMT_HIST	DATAMART	(Auto Created)
510	NEWDATAMART_PST.DM_ANALISA_PELUANG_NEWRMT_HIST	DATAMART	(Auto Created)
592	NEWDATAMART_PST.DM_FBI_NEWRMT_HIST	DATAMART	RM TOOLS
593	NEWDATAMART_PST.DM_KRD_BODBOC_NEWRMT	DATAMART	RM TOOLS
594	NEWDATAMART_PST.DM_NEWS_NEWRMT_PUMP	DATAMART	
596	NEWDATAMART_PST.DM_LAPKEU_NEWRMT_HIST	DATAMART	
598	NEWDATAMART_PST.DM_CUSTOMER_NEWRMT	DATAMART	Auto-created from n8n lineage for job 'RDBMS_CDP_NEW_RMTOOLS_06PEER_ANALISIS_NEWRMT_DLY_H1'
599	NEWDATAMART_STG.PEER_ANALISIS_NEWRMT_CIF_BUC	STAGING	Auto-created from n8n lineage for job 'RDBMS_CDP_NEW_RMTOOLS_06PEER_ANALISIS_NEWRMT_DLY_H1'
600	NEWDATAMART_STG.PEER_ANALISIS_NEWRMT_STEP0	STAGING	Auto-created from n8n lineage for job 'RDBMS_CDP_NEW_RMTOOLS_06PEER_ANALISIS_NEWRMT_DLY_H1'
601	NEWDATAMART_PST.RMT_BANK_DATA_MASTER_REGION	DATAMART	Auto-created from n8n lineage for job 'RDBMS_CDP_NEW_RMTOOLS_06PEER_ANALISIS_NEWRMT_DLY_H1'
602	NEWDATAMART_PST.RMT_BANK_DATA_MASTER_GROUP	DATAMART	Auto-created from n8n lineage for job 'RDBMS_CDP_NEW_RMTOOLS_06PEER_ANALISIS_NEWRMT_DLY_H1'
603	NEWDATAMART_PST.RMT_BANK_DATA_MASTER_DIRECTORATE	DATAMART	Auto-created from n8n lineage for job 'RDBMS_CDP_NEW_RMTOOLS_06PEER_ANALISIS_NEWRMT_DLY_H1'
604	NEWDATAMART_STG.PEER_ANALISIS_NEWRMT_STEP1	STAGING	Auto-created from n8n lineage for job 'RDBMS_CDP_NEW_RMTOOLS_06PEER_ANALISIS_NEWRMT_DLY_H1'
605	NEWDATAMART_PST.DM_PROFITABILITY_NEWRMT	DATAMART	Auto-created from n8n lineage for job 'RDBMS_CDP_NEW_RMTOOLS_06PEER_ANALISIS_NEWRMT_DLY_H1'
606	NEWDATAMART_STG.PEER_ANALISIS_NEWRMT_STEP2	STAGING	Auto-created from n8n lineage for job 'RDBMS_CDP_NEW_RMTOOLS_06PEER_ANALISIS_NEWRMT_DLY_H1'
607	NEWDATAMART_STG.PEER_ANALISIS_NEWRMT_STEP0A	STAGING	Auto-created from n8n lineage for job 'RDBMS_CDP_NEW_RMTOOLS_06PEER_ANALISIS_NEWRMT_DLY_H1'
608	NEWDATAMART_STG.PEER_ANALISIS_NEWRMT_STEP1A	STAGING	Auto-created from n8n lineage for job 'RDBMS_CDP_NEW_RMTOOLS_06PEER_ANALISIS_NEWRMT_DLY_H1'
609	NEWDATAMART_STG.PEER_ANALISIS_NEWRMT_STEP2A	STAGING	Auto-created from n8n lineage for job 'RDBMS_CDP_NEW_RMTOOLS_06PEER_ANALISIS_NEWRMT_DLY_H1'
610	NEWDATAMART_STG.PEER_ANALISIS_NEWRMT_STEP3	STAGING	Auto-created from n8n lineage for job 'RDBMS_CDP_NEW_RMTOOLS_06PEER_ANALISIS_NEWRMT_DLY_H1'
611	NEWDATAMART_STG.PEER_ANALISIS_NEWRMT_STEP4	STAGING	Auto-created from n8n lineage for job 'RDBMS_CDP_NEW_RMTOOLS_06PEER_ANALISIS_NEWRMT_DLY_H1'
612	NEWDATAMART_STG.PEER_ANALISIS_NEWRMT_STEP4A	STAGING	Auto-created from n8n lineage for job 'RDBMS_CDP_NEW_RMTOOLS_06PEER_ANALISIS_NEWRMT_DLY_H1'
613	NEWDATAMART_PST.DM_ECOSYSTEM_NEWRMT	DATAMART	Auto-created from n8n lineage for job 'RDBMS_CDP_NEW_RMTOOLS_06PEER_ANALISIS_NEWRMT_DLY_H1'
511	NEWDATAMART_STG.BASE_KREDIT_NEWRMT_STEP1	STAGING	Auto-created from n8n lineage for job 'RDBMS_CDP_NEW_RMTOOLS_DLY_H1'
512	PROD_BM_BDA_PST.BMSTGTF_KLN_CFNC_MAIN	SOURCE DATA	Auto-created from n8n lineage for job 'RDBMS_CDP_NEW_RMTOOLS_DLY_H1'
513	PROD_BM_BDA_PST.BMSTGCNLS_RPT_ACCOUNT	SOURCE DATA	Auto-created from n8n lineage for job 'RDBMS_CDP_NEW_RMTOOLS_DLY_H1'
514	PROD_BM_BDA_PST.BMSTGCNLS_RPT_CUSTOMER	SOURCE DATA	Auto-created from n8n lineage for job 'RDBMS_CDP_NEW_RMTOOLS_DLY_H1'
515	NEWDATAMART_PST.DM_ACCPORT_MONTHLY	DATAMART	Auto-created from n8n lineage for job 'RDBMS_CDP_NEW_RMTOOLS_DLY_H1'
516	NEWDATAMART_STG.BASE_KREDIT_NEWRMT_STEP0	STAGING	Auto-created from n8n lineage for job 'RDBMS_CDP_NEW_RMTOOLS_DLY_H1'
517	NEWDATAMART_STG.BASE_GU_NEWRMT	STAGING	Auto-created from n8n lineage for job 'RDBMS_CDP_NEW_RMTOOLS_DLY_H1'
518	PROD_BM_BDA_PST.WDMPORTAL_GROUP_USAHA	SOURCE DATA	Auto-created from n8n lineage for job 'RDBMS_CDP_NEW_RMTOOLS_DLY_H1'
519	NEWDATAMART_PST.MASTER_WDMGU_BUCBRANCH	DATAMART	Auto-created from n8n lineage for job 'RDBMS_CDP_NEW_RMTOOLS_DLY_H1'
520	NEWDATAMART_PST.RMT_BUC	DATAMART	Auto-created from n8n lineage for job 'RDBMS_CDP_NEW_RMTOOLS_DLY_H1'
521	NEWDATAMART_PST.F_DLY_DSR_UPDATE	DATAMART	Auto-created from n8n lineage for job 'RDBMS_CDP_NEW_RMTOOLS_DLY_H1'
522	NEWDATAMART_PST.MASTER_CUST_BUCBRANCH_DLY	DATAMART	Auto-created from n8n lineage for job 'RDBMS_CDP_NEW_RMTOOLS_DLY_H1'
523	NEWDATAMART_STG.BASE_DPK_NEWRMT_STEP1	STAGING	Auto-created from n8n lineage for job 'RDBMS_CDP_NEW_RMTOOLS_DLY_H1'
524	NEWDATAMART_STG.BASE_DPK_NEWRMT	STAGING	Auto-created from n8n lineage for job 'RDBMS_CDP_NEW_RMTOOLS_DLY_H1'
525	NEWDATAMART_STG.BASE_DPK_NEWRMT_STEP2	STAGING	Auto-created from n8n lineage for job 'RDBMS_CDP_NEW_RMTOOLS_DLY_H1'
526	NEWDATAMART_STG.BASE_KREDIT_NEWRMT_STEP2	STAGING	Auto-created from n8n lineage for job 'RDBMS_CDP_NEW_RMTOOLS_DLY_H1'
527	NEWDATAMART_STG.BASE_KREDIT_NCL_NEWRMT_STEP3	STAGING	Auto-created from n8n lineage for job 'RDBMS_CDP_NEW_RMTOOLS_DLY_H1'
528	NEWDATAMART_STG.BASE_KREDIT_NCL_NEWRMT_STEP4	STAGING	Auto-created from n8n lineage for job 'RDBMS_CDP_NEW_RMTOOLS_DLY_H1'
529	NEWDATAMART_STG.BASE_KREDIT_NEWRMT_STEP3	STAGING	Auto-created from n8n lineage for job 'RDBMS_CDP_NEW_RMTOOLS_DLY_H1'
530	NEWDATAMART_STG.BASE_DM_TREASURY_NEWRMT	STAGING	Auto-created from n8n lineage for job 'RDBMS_CDP_NEW_RMTOOLS_DLY_H1'
531	NEWDATAMART_PST.DM_CUSTOMER_NEWRMT_V2	DATAMART	Auto-created from n8n lineage for job 'RDBMS_CDP_NEW_RMTOOLS_DLY_H1'
532	NEWDATAMART_STG.DM_TREASURY_NEWRMT	STAGING	Auto-created from n8n lineage for job 'RDBMS_CDP_NEW_RMTOOLS_DLY_H1'
533	NEWDATAMART_PST.DM_TRANSACTION_V3	DATAMART	Auto-created from n8n lineage for job 'RDBMS_CDP_NEW_RMTOOLS_DLY_H1'
534	NEWDATAMART_STG.BASE_REKENING_ANALISA_PELUANG_NEWRMT	STAGING	Auto-created from n8n lineage for job 'RDBMS_CDP_NEW_RMTOOLS_DLY_H1'
535	NEWDATAMART_STG.BASE_ANALISA_PELUANG_NEWRMT_STEP1	STAGING	Auto-created from n8n lineage for job 'RDBMS_CDP_NEW_RMTOOLS_DLY_H1'
536	NEWDATAMART_STG.DM_ANALISA_PELUANG_NEWRMT	STAGING	Auto-created from n8n lineage for job 'RDBMS_CDP_NEW_RMTOOLS_DLY_H1'
537	NEWDATAMART_STG.BASE_GU_NEWRMT_STEP2	STAGING	Auto-created from n8n lineage for job 'RDBMS_CDP_NEW_RMTOOLS_DLY_H1'
538	NEWDATAMART_STG.BASE_MSA_NEWRMT_STEP1	STAGING	Auto-created from n8n lineage for job 'RDBMS_CDP_NEW_RMTOOLS_DLY_H1'
539	NEWDATAMART_STG.BASE_KREDIT_NCL_NEWRMT_STEP1	STAGING	Auto-created from n8n lineage for job 'RDBMS_CDP_NEW_RMTOOLS_DLY_H1'
540	NEWDATAMART_PST.MASTER_GU_NONGROUP_NEWRMT	DATAMART	Auto-created from n8n lineage for job 'RDBMS_CDP_NEW_RMTOOLS_DLY_H1'
541	NEWDATAMART_STG.DM_TRANSACTION_NEWRMT	STAGING	Auto-created from n8n lineage for job 'RDBMS_CDP_NEW_RMTOOLS_DLY_H1'
542	NEWDATAMART_PST.DM_ANALISA_PELUANG_NEWRMT	DATAMART	Auto-created from n8n lineage for job 'RDBMS_CDP_NEW_RMTOOLS_DLY_H1'
543	NEWDATAMART_PST.CIF_NORMALISASI	DATAMART	Auto-created from n8n lineage for job 'RDBMS_CDP_NEW_RMTOOLS_DLY_H1'
544	NEWDATAMART_STG.DM_TRANSACTION_YTD_NEWRMT	STAGING	Auto-created from n8n lineage for job 'RDBMS_CDP_NEW_RMTOOLS_DLY_H1'
545	PROD_BM_BDA_PST.BMSTGMSA_VIRTUAL_ACCOUNT_MASTER	SOURCE DATA	Auto-created from n8n lineage for job 'RDBMS_CDP_NEW_RMTOOLS_DLY_H1'
546	PROD_BM_BDA_PST.BMSTGMSA_VIRTUAL_ACCOUNT_LIMIT_HIST	SOURCE DATA	Auto-created from n8n lineage for job 'RDBMS_CDP_NEW_RMTOOLS_DLY_H1'
547	NEWDATAMART_PST.MSA_USERS	DATAMART	Auto-created from n8n lineage for job 'RDBMS_CDP_NEW_RMTOOLS_DLY_H1'
548	NEWDATAMART_STG.BASE_DHE_NEWRMT_STEP1	STAGING	Auto-created from n8n lineage for job 'RDBMS_CDP_NEW_RMTOOLS_DLY_H1'
549	NEWDATAMART_STG.DM_TRANSACTION_YOY_NEWRMT	STAGING	Auto-created from n8n lineage for job 'RDBMS_CDP_NEW_RMTOOLS_DLY_H1'
550	NEWDATAMART_STG.FINAL_CUSTOMER_NEWRMT	STAGING	Auto-created from n8n lineage for job 'RDBMS_CDP_NEW_RMTOOLS_DLY_H1'
551	NEWDATAMART_STG.FINAL_BUC_SEKTOR_CUSTOMER_NEWRMT	STAGING	Auto-created from n8n lineage for job 'RDBMS_CDP_NEW_RMTOOLS_DLY_H1'
552	PROD_BM_BDA_PST.BMSTGCBS_CFYPIN	SOURCE DATA	Auto-created from n8n lineage for job 'RDBMS_CDP_NEW_RMTOOLS_DLY_H1'
553	NEWDATAMART_STG.WALLET_SHARE_TAMBAHAN_NEWRMT	STAGING	Auto-created from n8n lineage for job 'RDBMS_CDP_NEW_RMTOOLS_DLY_H1'
554	NEWDATAMART_STG.TAMBAHAN_ANPEL	STAGING	Auto-created from n8n lineage for job 'RDBMS_CDP_NEW_RMTOOLS_DLY_H1'
555	PROD_BM_BDA_PST.BMSTGTF_STDS_CCL	SOURCE DATA	Auto-created from n8n lineage for job 'RDBMS_CDP_NEW_RMTOOLS_DLY_H1'
556	PROD_BM_BDA_PST.BMSTGTF_STDS_COSH	SOURCE DATA	Auto-created from n8n lineage for job 'RDBMS_CDP_NEW_RMTOOLS_DLY_H1'
557	PROD_BM_BDA_PST.BMSTGTF_STDS_CSL	SOURCE DATA	Auto-created from n8n lineage for job 'RDBMS_CDP_NEW_RMTOOLS_DLY_H1'
558	NEWDATAMART_STG.BASE_KREDIT_NCL_NEWRMT_STEP2	STAGING	Auto-created from n8n lineage for job 'RDBMS_CDP_NEW_RMTOOLS_DLY_H1'
559	PROD_BM_BDA_PST.BMSTGTF_KLN_EPLC_MASTER	SOURCE DATA	Auto-created from n8n lineage for job 'RDBMS_CDP_NEW_RMTOOLS_DLY_H1'
560	PROD_BM_BDA_PST.BMSTGTF_KLN_BBFM_MASTER	SOURCE DATA	Auto-created from n8n lineage for job 'RDBMS_CDP_NEW_RMTOOLS_DLY_H1'
561	NEWDATAMART_PST.TRADE_INTEREST	DATAMART	Auto-created from n8n lineage for job 'RDBMS_CDP_NEW_RMTOOLS_DLY_H1'
562	NEWDATAMART_STG.DM_CUSTOMER_NEWRMT_V2	STAGING	Auto-created from n8n lineage for job 'RDBMS_CDP_NEW_RMTOOLS_DLY_H1'
563	NEWDATAMART_PST.F_DLY_GSR	DATAMART	Auto-created from n8n lineage for job 'RDBMS_CDP_NEW_RMTOOLS_DLY_H1'
564	PROD_BM_BDA_PST.BMSTGOPC_FXDH	SOURCE DATA	Auto-created from n8n lineage for job 'RDBMS_CDP_NEW_RMTOOLS_DLY_H1'
565	PROD_BM_BDA_PST.BMSTGOPC_PUBS	SOURCE DATA	Auto-created from n8n lineage for job 'RDBMS_CDP_NEW_RMTOOLS_DLY_H1'
566	PROD_BM_BDA_PST.BMSTGOPC_REVH	SOURCE DATA	Auto-created from n8n lineage for job 'RDBMS_CDP_NEW_RMTOOLS_DLY_H1'
567	PROD_BM_BDA_PST.BMSTGOPC_VCUST	SOURCE DATA	Auto-created from n8n lineage for job 'RDBMS_CDP_NEW_RMTOOLS_DLY_H1'
568	PROD_BM_BDA_PST.BMSTGOPC_CUST	SOURCE DATA	Auto-created from n8n lineage for job 'RDBMS_CDP_NEW_RMTOOLS_DLY_H1'
569	ZZ_WBA_KINANTI.202311_UPLOAD_BANKCLEAN_NEW	STAGING	Auto-created from n8n lineage for job 'RDBMS_CDP_NEW_RMTOOLS_DLY_H1'
570	BM_BDA_MDM_PST.SOURCESYSTEM	SOURCE DATA	Auto-created from n8n lineage for job 'RDBMS_CDP_NEW_RMTOOLS_DLY_H1'
571	BM_BDA_MDM_PST.ADDRESS	SOURCE DATA	Auto-created from n8n lineage for job 'RDBMS_CDP_NEW_RMTOOLS_DLY_H1'
572	BM_BDA_MDM_PST.CUSTOMER	SOURCE DATA	Auto-created from n8n lineage for job 'RDBMS_CDP_NEW_RMTOOLS_DLY_H1'
573	BM_BDA_MDM_PST.IDENTIFIER	SOURCE DATA	Auto-created from n8n lineage for job 'RDBMS_CDP_NEW_RMTOOLS_DLY_H1'
574	BM_BDA_KREDIT_PST.KREDIT_FINAL	SOURCE DATA	Auto-created from n8n lineage for job 'RDBMS_CDP_NEW_RMTOOLS_DLY_H1'
575	BM_BDA_PST.BMSTGCBS_CFYPIN	SOURCE DATA	Auto-created from n8n lineage for job 'RDBMS_CDP_NEW_RMTOOLS_DLY_H1'
576	ZZ_WBA.DETAIL_TRANSAKSI_KOPRA	DATAMART	Auto-created from n8n lineage for job 'RDBMS_CDP_NEW_RMTOOLS_DLY_H1'
577	ZZ_WBA.DATAMART_UREG_USAK_KOPRA_FINAL	DATAMART	Auto-created from n8n lineage for job 'RDBMS_CDP_NEW_RMTOOLS_DLY_H1'
578	ZZ_WBA.DETAIL_TRANSAKSI_KOPRA_FINAL	DATAMART	Auto-created from n8n lineage for job 'RDBMS_CDP_NEW_RMTOOLS_DLY_H1'
579	ZZ_WBA.DETAIL_FBI_KOPRA	DATAMART	Auto-created from n8n lineage for job 'RDBMS_CDP_NEW_RMTOOLS_DLY_H1'
580	ZZ_WBA_WIRA.JENIS_KREDIT_UPDATE_2025430	STAGING	Auto-created from n8n lineage for job 'RDBMS_CDP_NEW_RMTOOLS_DLY_H1'
581	ZZ_WBA_JUWITA.MAPPING_LOC_MASTERCUST	STAGING	Auto-created from n8n lineage for job 'RDBMS_CDP_NEW_RMTOOLS_DLY_H1'
582	NEWDATAMART_STG.WALLET_SHARE_NEWRMT_CIF_BUC	STAGING	Auto-created from n8n lineage for job 'DMT_WHL_DM_WALLET_SHARE_NEWRMT_DLY_H1'
583	NEWDATAMART_STG.WALLET_SHARE_NEWRMT_STEP0	STAGING	Auto-created from n8n lineage for job 'DMT_WHL_DM_WALLET_SHARE_NEWRMT_DLY_H1'
584	NEWDATAMART_STG.WALLET_SHARE_NEWRMT_STEP0B	STAGING	Auto-created from n8n lineage for job 'DMT_WHL_DM_WALLET_SHARE_NEWRMT_DLY_H1'
585	NEWDATAMART_STG.WALLET_SHARE_NEWRMT_STEP0A	STAGING	Auto-created from n8n lineage for job 'DMT_WHL_DM_WALLET_SHARE_NEWRMT_DLY_H1'
586	NEWDATAMART_PST.CPGRP_CPA	DATAMART	Auto-created from n8n lineage for job 'DMT_WHL_DM_WALLET_SHARE_NEWRMT_DLY_H1'
587	NEWDATAMART_STG.WALLET_SHARE_NEWRMT_STEP1A	STAGING	Auto-created from n8n lineage for job 'DMT_WHL_DM_WALLET_SHARE_NEWRMT_DLY_H1'
588	NEWDATAMART_STG.WALLET_SHARE_NEWRMT_STEP0B_KREDIT	STAGING	Auto-created from n8n lineage for job 'DMT_WHL_DM_WALLET_SHARE_NEWRMT_DLY_H1'
589	NEWDATAMART_STG.WALLET_SHARE_NEWRMT_STEP0A_KREDIT	STAGING	Auto-created from n8n lineage for job 'DMT_WHL_DM_WALLET_SHARE_NEWRMT_DLY_H1'
590	NEWDATAMART_STG.WALLET_SHARE_NEWRMT_STEP2C	STAGING	Auto-created from n8n lineage for job 'DMT_WHL_DM_WALLET_SHARE_NEWRMT_DLY_H1'
591	ZZ_WBA.RMCC_FINANCIAL_HIGHLIGHT	DATAMART	Auto-created from n8n lineage for job 'DMT_WHL_DM_WALLET_SHARE_NEWRMT_DLY_H1'
\.


--
-- Data for Name: main_tabledetail; Type: TABLE DATA; Schema: public; Owner: -
--

COPY public.main_tabledetail (details_id, column_name, column_desc, data_type, table_id) FROM stdin;
2	ini kolom	deskripsi	string	2
3	kolom 2	none	int	2
9	TEST		int	3
10	TEST3		int	3
\.


--
-- Name: auth_group_id_seq; Type: SEQUENCE SET; Schema: public; Owner: -
--

SELECT pg_catalog.setval('public.auth_group_id_seq', 1, false);


--
-- Name: auth_group_permissions_id_seq; Type: SEQUENCE SET; Schema: public; Owner: -
--

SELECT pg_catalog.setval('public.auth_group_permissions_id_seq', 1, false);


--
-- Name: auth_permission_id_seq; Type: SEQUENCE SET; Schema: public; Owner: -
--

SELECT pg_catalog.setval('public.auth_permission_id_seq', 68, true);


--
-- Name: auth_user_groups_id_seq; Type: SEQUENCE SET; Schema: public; Owner: -
--

SELECT pg_catalog.setval('public.auth_user_groups_id_seq', 1, false);


--
-- Name: auth_user_id_seq; Type: SEQUENCE SET; Schema: public; Owner: -
--

SELECT pg_catalog.setval('public.auth_user_id_seq', 1, true);


--
-- Name: auth_user_user_permissions_id_seq; Type: SEQUENCE SET; Schema: public; Owner: -
--

SELECT pg_catalog.setval('public.auth_user_user_permissions_id_seq', 1, false);


--
-- Name: django_admin_log_id_seq; Type: SEQUENCE SET; Schema: public; Owner: -
--

SELECT pg_catalog.setval('public.django_admin_log_id_seq', 1, false);


--
-- Name: django_content_type_id_seq; Type: SEQUENCE SET; Schema: public; Owner: -
--

SELECT pg_catalog.setval('public.django_content_type_id_seq', 17, true);


--
-- Name: django_migrations_id_seq; Type: SEQUENCE SET; Schema: public; Owner: -
--

SELECT pg_catalog.setval('public.django_migrations_id_seq', 33, true);


--
-- Name: main_jobdetail_developers_id_seq; Type: SEQUENCE SET; Schema: public; Owner: -
--

SELECT pg_catalog.setval('public.main_jobdetail_developers_id_seq', 47, true);


--
-- Name: main_jobdetail_job_id_seq; Type: SEQUENCE SET; Schema: public; Owner: -
--

SELECT pg_catalog.setval('public.main_jobdetail_job_id_seq', 25, true);


--
-- Name: main_jobdeveloper_developer_id_seq; Type: SEQUENCE SET; Schema: public; Owner: -
--

SELECT pg_catalog.setval('public.main_jobdeveloper_developer_id_seq', 10, true);


--
-- Name: main_relationship_relationship_id_seq; Type: SEQUENCE SET; Schema: public; Owner: -
--

SELECT pg_catalog.setval('public.main_relationship_relationship_id_seq', 7099, true);


--
-- Name: main_schemacategorymapping_mapping_id_seq; Type: SEQUENCE SET; Schema: public; Owner: -
--

SELECT pg_catalog.setval('public.main_schemacategorymapping_mapping_id_seq', 6, true);


--
-- Name: main_table_table_id_seq; Type: SEQUENCE SET; Schema: public; Owner: -
--

SELECT pg_catalog.setval('public.main_table_table_id_seq', 613, true);


--
-- Name: main_tabledetail_details_id_seq; Type: SEQUENCE SET; Schema: public; Owner: -
--

SELECT pg_catalog.setval('public.main_tabledetail_details_id_seq', 10, true);


--
-- Name: auth_group auth_group_name_key; Type: CONSTRAINT; Schema: public; Owner: -
--

ALTER TABLE ONLY public.auth_group
    ADD CONSTRAINT auth_group_name_key UNIQUE (name);


--
-- Name: auth_group_permissions auth_group_permissions_group_id_permission_id_0cd325b0_uniq; Type: CONSTRAINT; Schema: public; Owner: -
--

ALTER TABLE ONLY public.auth_group_permissions
    ADD CONSTRAINT auth_group_permissions_group_id_permission_id_0cd325b0_uniq UNIQUE (group_id, permission_id);


--
-- Name: auth_group_permissions auth_group_permissions_pkey; Type: CONSTRAINT; Schema: public; Owner: -
--

ALTER TABLE ONLY public.auth_group_permissions
    ADD CONSTRAINT auth_group_permissions_pkey PRIMARY KEY (id);


--
-- Name: auth_group auth_group_pkey; Type: CONSTRAINT; Schema: public; Owner: -
--

ALTER TABLE ONLY public.auth_group
    ADD CONSTRAINT auth_group_pkey PRIMARY KEY (id);


--
-- Name: auth_permission auth_permission_content_type_id_codename_01ab375a_uniq; Type: CONSTRAINT; Schema: public; Owner: -
--

ALTER TABLE ONLY public.auth_permission
    ADD CONSTRAINT auth_permission_content_type_id_codename_01ab375a_uniq UNIQUE (content_type_id, codename);


--
-- Name: auth_permission auth_permission_pkey; Type: CONSTRAINT; Schema: public; Owner: -
--

ALTER TABLE ONLY public.auth_permission
    ADD CONSTRAINT auth_permission_pkey PRIMARY KEY (id);


--
-- Name: auth_user_groups auth_user_groups_pkey; Type: CONSTRAINT; Schema: public; Owner: -
--

ALTER TABLE ONLY public.auth_user_groups
    ADD CONSTRAINT auth_user_groups_pkey PRIMARY KEY (id);


--
-- Name: auth_user_groups auth_user_groups_user_id_group_id_94350c0c_uniq; Type: CONSTRAINT; Schema: public; Owner: -
--

ALTER TABLE ONLY public.auth_user_groups
    ADD CONSTRAINT auth_user_groups_user_id_group_id_94350c0c_uniq UNIQUE (user_id, group_id);


--
-- Name: auth_user auth_user_pkey; Type: CONSTRAINT; Schema: public; Owner: -
--

ALTER TABLE ONLY public.auth_user
    ADD CONSTRAINT auth_user_pkey PRIMARY KEY (id);


--
-- Name: auth_user_user_permissions auth_user_user_permissions_pkey; Type: CONSTRAINT; Schema: public; Owner: -
--

ALTER TABLE ONLY public.auth_user_user_permissions
    ADD CONSTRAINT auth_user_user_permissions_pkey PRIMARY KEY (id);


--
-- Name: auth_user_user_permissions auth_user_user_permissions_user_id_permission_id_14a6b632_uniq; Type: CONSTRAINT; Schema: public; Owner: -
--

ALTER TABLE ONLY public.auth_user_user_permissions
    ADD CONSTRAINT auth_user_user_permissions_user_id_permission_id_14a6b632_uniq UNIQUE (user_id, permission_id);


--
-- Name: auth_user auth_user_username_key; Type: CONSTRAINT; Schema: public; Owner: -
--

ALTER TABLE ONLY public.auth_user
    ADD CONSTRAINT auth_user_username_key UNIQUE (username);


--
-- Name: django_admin_log django_admin_log_pkey; Type: CONSTRAINT; Schema: public; Owner: -
--

ALTER TABLE ONLY public.django_admin_log
    ADD CONSTRAINT django_admin_log_pkey PRIMARY KEY (id);


--
-- Name: django_content_type django_content_type_app_label_model_76bd3d3b_uniq; Type: CONSTRAINT; Schema: public; Owner: -
--

ALTER TABLE ONLY public.django_content_type
    ADD CONSTRAINT django_content_type_app_label_model_76bd3d3b_uniq UNIQUE (app_label, model);


--
-- Name: django_content_type django_content_type_pkey; Type: CONSTRAINT; Schema: public; Owner: -
--

ALTER TABLE ONLY public.django_content_type
    ADD CONSTRAINT django_content_type_pkey PRIMARY KEY (id);


--
-- Name: django_migrations django_migrations_pkey; Type: CONSTRAINT; Schema: public; Owner: -
--

ALTER TABLE ONLY public.django_migrations
    ADD CONSTRAINT django_migrations_pkey PRIMARY KEY (id);


--
-- Name: django_session django_session_pkey; Type: CONSTRAINT; Schema: public; Owner: -
--

ALTER TABLE ONLY public.django_session
    ADD CONSTRAINT django_session_pkey PRIMARY KEY (session_key);


--
-- Name: main_jobdetail_developers main_jobdetail_developers_jobdetail_id_jobdeveloper_id_key; Type: CONSTRAINT; Schema: public; Owner: -
--

ALTER TABLE ONLY public.main_jobdetail_developers
    ADD CONSTRAINT main_jobdetail_developers_jobdetail_id_jobdeveloper_id_key UNIQUE (jobdetail_id, jobdeveloper_id);


--
-- Name: main_jobdetail_developers main_jobdetail_developers_pkey; Type: CONSTRAINT; Schema: public; Owner: -
--

ALTER TABLE ONLY public.main_jobdetail_developers
    ADD CONSTRAINT main_jobdetail_developers_pkey PRIMARY KEY (id);


--
-- Name: main_jobdetail main_jobdetail_job_name_key; Type: CONSTRAINT; Schema: public; Owner: -
--

ALTER TABLE ONLY public.main_jobdetail
    ADD CONSTRAINT main_jobdetail_job_name_key UNIQUE (job_name);


--
-- Name: main_jobdetail main_jobdetail_pkey; Type: CONSTRAINT; Schema: public; Owner: -
--

ALTER TABLE ONLY public.main_jobdetail
    ADD CONSTRAINT main_jobdetail_pkey PRIMARY KEY (job_id);


--
-- Name: main_jobdeveloper main_jobdeveloper_pkey; Type: CONSTRAINT; Schema: public; Owner: -
--

ALTER TABLE ONLY public.main_jobdeveloper
    ADD CONSTRAINT main_jobdeveloper_pkey PRIMARY KEY (developer_id);


--
-- Name: main_relationship main_relationship_pkey; Type: CONSTRAINT; Schema: public; Owner: -
--

ALTER TABLE ONLY public.main_relationship
    ADD CONSTRAINT main_relationship_pkey PRIMARY KEY (relationship_id);


--
-- Name: main_relationship main_relationship_table1_id_table2_id_job_name_672d252a_uniq; Type: CONSTRAINT; Schema: public; Owner: -
--

ALTER TABLE ONLY public.main_relationship
    ADD CONSTRAINT main_relationship_table1_id_table2_id_job_name_672d252a_uniq UNIQUE (table1_id, table2_id, job_name);


--
-- Name: main_schemacategorymapping main_schemacategorymapping_pkey; Type: CONSTRAINT; Schema: public; Owner: -
--

ALTER TABLE ONLY public.main_schemacategorymapping
    ADD CONSTRAINT main_schemacategorymapping_pkey PRIMARY KEY (mapping_id);


--
-- Name: main_schemacategorymapping main_schemacategorymapping_schema_name_key; Type: CONSTRAINT; Schema: public; Owner: -
--

ALTER TABLE ONLY public.main_schemacategorymapping
    ADD CONSTRAINT main_schemacategorymapping_schema_name_key UNIQUE (schema_name);


--
-- Name: main_table main_table_pkey; Type: CONSTRAINT; Schema: public; Owner: -
--

ALTER TABLE ONLY public.main_table
    ADD CONSTRAINT main_table_pkey PRIMARY KEY (table_id);


--
-- Name: main_table main_table_table_name_key; Type: CONSTRAINT; Schema: public; Owner: -
--

ALTER TABLE ONLY public.main_table
    ADD CONSTRAINT main_table_table_name_key UNIQUE (table_name);


--
-- Name: main_tabledetail main_tabledetail_pkey; Type: CONSTRAINT; Schema: public; Owner: -
--

ALTER TABLE ONLY public.main_tabledetail
    ADD CONSTRAINT main_tabledetail_pkey PRIMARY KEY (details_id);


--
-- Name: main_tabledetail main_tabledetail_table_id_column_name_417e3359_uniq; Type: CONSTRAINT; Schema: public; Owner: -
--

ALTER TABLE ONLY public.main_tabledetail
    ADD CONSTRAINT main_tabledetail_table_id_column_name_417e3359_uniq UNIQUE (table_id, column_name);


--
-- Name: auth_group_name_a6ea08ec_like; Type: INDEX; Schema: public; Owner: -
--

CREATE INDEX auth_group_name_a6ea08ec_like ON public.auth_group USING btree (name varchar_pattern_ops);


--
-- Name: auth_group_permissions_group_id_b120cbf9; Type: INDEX; Schema: public; Owner: -
--

CREATE INDEX auth_group_permissions_group_id_b120cbf9 ON public.auth_group_permissions USING btree (group_id);


--
-- Name: auth_group_permissions_permission_id_84c5c92e; Type: INDEX; Schema: public; Owner: -
--

CREATE INDEX auth_group_permissions_permission_id_84c5c92e ON public.auth_group_permissions USING btree (permission_id);


--
-- Name: auth_permission_content_type_id_2f476e4b; Type: INDEX; Schema: public; Owner: -
--

CREATE INDEX auth_permission_content_type_id_2f476e4b ON public.auth_permission USING btree (content_type_id);


--
-- Name: auth_user_groups_group_id_97559544; Type: INDEX; Schema: public; Owner: -
--

CREATE INDEX auth_user_groups_group_id_97559544 ON public.auth_user_groups USING btree (group_id);


--
-- Name: auth_user_groups_user_id_6a12ed8b; Type: INDEX; Schema: public; Owner: -
--

CREATE INDEX auth_user_groups_user_id_6a12ed8b ON public.auth_user_groups USING btree (user_id);


--
-- Name: auth_user_user_permissions_permission_id_1fbb5f2c; Type: INDEX; Schema: public; Owner: -
--

CREATE INDEX auth_user_user_permissions_permission_id_1fbb5f2c ON public.auth_user_user_permissions USING btree (permission_id);


--
-- Name: auth_user_user_permissions_user_id_a95ead1b; Type: INDEX; Schema: public; Owner: -
--

CREATE INDEX auth_user_user_permissions_user_id_a95ead1b ON public.auth_user_user_permissions USING btree (user_id);


--
-- Name: auth_user_username_6821ab7c_like; Type: INDEX; Schema: public; Owner: -
--

CREATE INDEX auth_user_username_6821ab7c_like ON public.auth_user USING btree (username varchar_pattern_ops);


--
-- Name: django_admin_log_content_type_id_c4bce8eb; Type: INDEX; Schema: public; Owner: -
--

CREATE INDEX django_admin_log_content_type_id_c4bce8eb ON public.django_admin_log USING btree (content_type_id);


--
-- Name: django_admin_log_user_id_c564eba6; Type: INDEX; Schema: public; Owner: -
--

CREATE INDEX django_admin_log_user_id_c564eba6 ON public.django_admin_log USING btree (user_id);


--
-- Name: django_session_expire_date_a5c62663; Type: INDEX; Schema: public; Owner: -
--

CREATE INDEX django_session_expire_date_a5c62663 ON public.django_session USING btree (expire_date);


--
-- Name: django_session_session_key_c0390e0f_like; Type: INDEX; Schema: public; Owner: -
--

CREATE INDEX django_session_session_key_c0390e0f_like ON public.django_session USING btree (session_key varchar_pattern_ops);


--
-- Name: main_jobdetail_developers_jobdetail_id_idx; Type: INDEX; Schema: public; Owner: -
--

CREATE INDEX main_jobdetail_developers_jobdetail_id_idx ON public.main_jobdetail_developers USING btree (jobdetail_id);


--
-- Name: main_jobdetail_developers_jobdeveloper_id_idx; Type: INDEX; Schema: public; Owner: -
--

CREATE INDEX main_jobdetail_developers_jobdeveloper_id_idx ON public.main_jobdetail_developers USING btree (jobdeveloper_id);


--
-- Name: main_jobdetail_job_name_c5e30f46_like; Type: INDEX; Schema: public; Owner: -
--

CREATE INDEX main_jobdetail_job_name_c5e30f46_like ON public.main_jobdetail USING btree (job_name varchar_pattern_ops);


--
-- Name: main_relationship_job_id_5a305abb; Type: INDEX; Schema: public; Owner: -
--

CREATE INDEX main_relationship_job_id_5a305abb ON public.main_relationship USING btree (job_id);


--
-- Name: main_relationship_table1_id_be03b74a; Type: INDEX; Schema: public; Owner: -
--

CREATE INDEX main_relationship_table1_id_be03b74a ON public.main_relationship USING btree (table1_id);


--
-- Name: main_relationship_table2_id_5c4d72ff; Type: INDEX; Schema: public; Owner: -
--

CREATE INDEX main_relationship_table2_id_5c4d72ff ON public.main_relationship USING btree (table2_id);


--
-- Name: main_schemacategorymapping_schema_name_ba1cf504_like; Type: INDEX; Schema: public; Owner: -
--

CREATE INDEX main_schemacategorymapping_schema_name_ba1cf504_like ON public.main_schemacategorymapping USING btree (schema_name varchar_pattern_ops);


--
-- Name: main_table_table_name_d474dfee_like; Type: INDEX; Schema: public; Owner: -
--

CREATE INDEX main_table_table_name_d474dfee_like ON public.main_table USING btree (table_name varchar_pattern_ops);


--
-- Name: main_tabledetail_table_id_68675de9; Type: INDEX; Schema: public; Owner: -
--

CREATE INDEX main_tabledetail_table_id_68675de9 ON public.main_tabledetail USING btree (table_id);


--
-- Name: auth_group_permissions auth_group_permissio_permission_id_84c5c92e_fk_auth_perm; Type: FK CONSTRAINT; Schema: public; Owner: -
--

ALTER TABLE ONLY public.auth_group_permissions
    ADD CONSTRAINT auth_group_permissio_permission_id_84c5c92e_fk_auth_perm FOREIGN KEY (permission_id) REFERENCES public.auth_permission(id) DEFERRABLE INITIALLY DEFERRED;


--
-- Name: auth_group_permissions auth_group_permissions_group_id_b120cbf9_fk_auth_group_id; Type: FK CONSTRAINT; Schema: public; Owner: -
--

ALTER TABLE ONLY public.auth_group_permissions
    ADD CONSTRAINT auth_group_permissions_group_id_b120cbf9_fk_auth_group_id FOREIGN KEY (group_id) REFERENCES public.auth_group(id) DEFERRABLE INITIALLY DEFERRED;


--
-- Name: auth_permission auth_permission_content_type_id_2f476e4b_fk_django_co; Type: FK CONSTRAINT; Schema: public; Owner: -
--

ALTER TABLE ONLY public.auth_permission
    ADD CONSTRAINT auth_permission_content_type_id_2f476e4b_fk_django_co FOREIGN KEY (content_type_id) REFERENCES public.django_content_type(id) DEFERRABLE INITIALLY DEFERRED;


--
-- Name: auth_user_groups auth_user_groups_group_id_97559544_fk_auth_group_id; Type: FK CONSTRAINT; Schema: public; Owner: -
--

ALTER TABLE ONLY public.auth_user_groups
    ADD CONSTRAINT auth_user_groups_group_id_97559544_fk_auth_group_id FOREIGN KEY (group_id) REFERENCES public.auth_group(id) DEFERRABLE INITIALLY DEFERRED;


--
-- Name: auth_user_groups auth_user_groups_user_id_6a12ed8b_fk_auth_user_id; Type: FK CONSTRAINT; Schema: public; Owner: -
--

ALTER TABLE ONLY public.auth_user_groups
    ADD CONSTRAINT auth_user_groups_user_id_6a12ed8b_fk_auth_user_id FOREIGN KEY (user_id) REFERENCES public.auth_user(id) DEFERRABLE INITIALLY DEFERRED;


--
-- Name: auth_user_user_permissions auth_user_user_permi_permission_id_1fbb5f2c_fk_auth_perm; Type: FK CONSTRAINT; Schema: public; Owner: -
--

ALTER TABLE ONLY public.auth_user_user_permissions
    ADD CONSTRAINT auth_user_user_permi_permission_id_1fbb5f2c_fk_auth_perm FOREIGN KEY (permission_id) REFERENCES public.auth_permission(id) DEFERRABLE INITIALLY DEFERRED;


--
-- Name: auth_user_user_permissions auth_user_user_permissions_user_id_a95ead1b_fk_auth_user_id; Type: FK CONSTRAINT; Schema: public; Owner: -
--

ALTER TABLE ONLY public.auth_user_user_permissions
    ADD CONSTRAINT auth_user_user_permissions_user_id_a95ead1b_fk_auth_user_id FOREIGN KEY (user_id) REFERENCES public.auth_user(id) DEFERRABLE INITIALLY DEFERRED;


--
-- Name: django_admin_log django_admin_log_content_type_id_c4bce8eb_fk_django_co; Type: FK CONSTRAINT; Schema: public; Owner: -
--

ALTER TABLE ONLY public.django_admin_log
    ADD CONSTRAINT django_admin_log_content_type_id_c4bce8eb_fk_django_co FOREIGN KEY (content_type_id) REFERENCES public.django_content_type(id) DEFERRABLE INITIALLY DEFERRED;


--
-- Name: django_admin_log django_admin_log_user_id_c564eba6_fk_auth_user_id; Type: FK CONSTRAINT; Schema: public; Owner: -
--

ALTER TABLE ONLY public.django_admin_log
    ADD CONSTRAINT django_admin_log_user_id_c564eba6_fk_auth_user_id FOREIGN KEY (user_id) REFERENCES public.auth_user(id) DEFERRABLE INITIALLY DEFERRED;


--
-- Name: main_jobdetail_developers main_jobdetail_developers_jobdetail_id_fkey; Type: FK CONSTRAINT; Schema: public; Owner: -
--

ALTER TABLE ONLY public.main_jobdetail_developers
    ADD CONSTRAINT main_jobdetail_developers_jobdetail_id_fkey FOREIGN KEY (jobdetail_id) REFERENCES public.main_jobdetail(job_id) ON DELETE CASCADE;


--
-- Name: main_jobdetail_developers main_jobdetail_developers_jobdeveloper_id_fkey; Type: FK CONSTRAINT; Schema: public; Owner: -
--

ALTER TABLE ONLY public.main_jobdetail_developers
    ADD CONSTRAINT main_jobdetail_developers_jobdeveloper_id_fkey FOREIGN KEY (jobdeveloper_id) REFERENCES public.main_jobdeveloper(developer_id) ON DELETE CASCADE;


--
-- Name: main_relationship main_relationship_job_id_5a305abb_fk_main_jobdetail_job_id; Type: FK CONSTRAINT; Schema: public; Owner: -
--

ALTER TABLE ONLY public.main_relationship
    ADD CONSTRAINT main_relationship_job_id_5a305abb_fk_main_jobdetail_job_id FOREIGN KEY (job_id) REFERENCES public.main_jobdetail(job_id) DEFERRABLE INITIALLY DEFERRED;


--
-- Name: main_relationship main_relationship_table1_id_be03b74a_fk_main_table_table_id; Type: FK CONSTRAINT; Schema: public; Owner: -
--

ALTER TABLE ONLY public.main_relationship
    ADD CONSTRAINT main_relationship_table1_id_be03b74a_fk_main_table_table_id FOREIGN KEY (table1_id) REFERENCES public.main_table(table_id) DEFERRABLE INITIALLY DEFERRED;


--
-- Name: main_relationship main_relationship_table2_id_5c4d72ff_fk_main_table_table_id; Type: FK CONSTRAINT; Schema: public; Owner: -
--

ALTER TABLE ONLY public.main_relationship
    ADD CONSTRAINT main_relationship_table2_id_5c4d72ff_fk_main_table_table_id FOREIGN KEY (table2_id) REFERENCES public.main_table(table_id) DEFERRABLE INITIALLY DEFERRED;


--
-- Name: main_tabledetail main_tabledetail_table_id_68675de9_fk_main_table_table_id; Type: FK CONSTRAINT; Schema: public; Owner: -
--

ALTER TABLE ONLY public.main_tabledetail
    ADD CONSTRAINT main_tabledetail_table_id_68675de9_fk_main_table_table_id FOREIGN KEY (table_id) REFERENCES public.main_table(table_id) DEFERRABLE INITIALLY DEFERRED;


--
-- PostgreSQL database dump complete
--

\unrestrict D8bT78ZVQ1CG3QmOmLsmsJcXMD62yY0zQ0giLQx3dyvahlxEEUCggLw3Sn9WUkr

